Date,Open,High,Low,Close,Adj Close,Volume
2010-01-04,1.81,1.83,1.8,1.81,1.788229,2827176.0
2010-01-05,1.81,1.83,1.77,1.79,1.76847,1843305.0
2010-01-06,1.75,1.77,1.71,1.72,1.699312,2682981.0
2010-01-07,1.72,1.75,1.68,1.74,1.719071,2288603.0
2010-01-08,1.72,1.72,1.68,1.68,1.659793,2113019.0
2010-01-11,1.68,1.69,1.64,1.66,1.640033,2193729.0
2010-01-12,1.64,1.64,1.59,1.61,1.590635,3738137.0
2010-01-13,1.6,1.66,1.6,1.66,1.640033,1862450.0
2010-01-14,1.68,1.7,1.64,1.69,1.669673,2169224.0
2010-01-15,1.7,1.72,1.66,1.68,1.659793,962414.0
2010-01-18,1.68,1.68,1.66,1.66,1.640033,309020.0
2010-01-19,1.66,1.68,1.65,1.67,1.6499130000000002,1171044.0
2010-01-20,1.65,1.67,1.64,1.66,1.640033,825458.0
2010-01-21,1.67,1.7,1.64,1.7,1.679552,4834007.0
2010-01-22,1.68,1.76,1.67,1.72,1.699312,3722621.0
2010-01-25,1.73,1.74,1.7,1.73,1.709191,885761.0
2010-01-26,1.74,1.76,1.72,1.74,1.719071,2296021.0
2010-01-27,1.75,1.78,1.72,1.77,1.7487099999999998,1707503.0
2010-01-28,1.78,1.79,1.74,1.75,1.728951,620659.0
2010-01-29,1.76,1.76,1.72,1.73,1.709191,336884.0
2010-02-01,1.72,1.75,1.72,1.74,1.719071,721276.0
2010-02-02,1.74,1.75,1.73,1.75,1.728951,751368.0
2010-02-03,1.73,1.75,1.73,1.75,1.728951,440040.0
2010-02-04,1.72,1.72,1.68,1.68,1.659793,2128953.0
2010-02-05,1.65,1.66,1.6,1.62,1.600515,1793499.0
2010-02-08,1.64,1.64,1.6,1.64,1.620274,1213356.0
2010-02-09,1.64,1.7,1.64,1.68,1.659793,705798.0
2010-02-10,1.67,1.7,1.67,1.7,1.679552,1030000.0
2010-02-11,1.7,1.71,1.69,1.71,1.689432,697376.0
2010-02-12,1.71,1.74,1.7,1.71,1.689432,1277300.0
2010-02-17,1.71,1.76,1.69,1.76,1.7388310000000002,3105618.0
2010-02-18,1.75,1.77,1.74,1.77,1.7487099999999998,3593199.0
2010-02-19,1.74,1.77,1.74,1.75,1.728951,2166160.0
2010-02-22,1.74,1.76,1.74,1.74,1.719071,348517.0
2010-02-23,1.72,1.73,1.67,1.68,1.659793,1122399.0
2010-02-24,2.5,2.5,1.67,1.68,1.659793,843705.0
2010-02-25,2.5,2.5,1.62,1.66,1.640033,1774567.0
2010-02-26,1.66,1.67,1.64,1.66,1.640033,1742326.0
2010-03-01,1.67,1.71,1.66,1.71,1.689432,888278.0
2010-03-02,1.71,1.75,1.7,1.74,1.719071,1898057.0
2010-03-03,1.74,1.74,1.71,1.74,1.719071,611905.0
2010-03-04,1.72,1.72,1.7,1.71,1.689432,501869.0
2010-03-05,1.73,1.73,1.71,1.73,1.709191,1768307.0
2010-03-08,1.73,1.73,1.68,1.71,1.689432,2233932.0
2010-03-09,1.7,1.7,1.67,1.7,1.679552,2111859.0
2010-03-10,1.7,1.7,1.66,1.69,1.669673,1172325.0
2010-03-11,1.69,1.69,1.66,1.67,1.6499130000000002,1557786.0
2010-03-12,1.67,1.7,1.67,1.7,1.679552,1461293.0
2010-03-15,1.7,1.71,1.68,1.69,1.669673,428566.0
2010-03-16,1.69,1.71,1.69,1.71,1.689432,1045915.0
2010-03-17,1.71,1.73,1.69,1.69,1.669673,1171066.0
2010-03-18,1.69,1.7,1.68,1.69,1.669673,0.0
2010-03-19,1.7,1.77,1.69,1.76,1.7388310000000002,3882806.0
2010-03-22,1.76,1.82,1.75,1.79,1.76847,3368558.0
2010-03-23,1.8,1.81,1.77,1.79,1.76847,1523393.0
2010-03-25,1.79,1.81,1.77,1.78,1.75859,2717408.0
2010-03-26,1.79,1.79,1.77,1.78,1.75859,0.0
2010-03-29,1.78,1.8,1.76,1.77,1.7487099999999998,1400759.0
2010-03-30,1.78,1.79,1.77,1.77,1.7487099999999998,0.0
2010-03-31,1.78,1.78,1.72,1.72,1.699312,0.0
2010-04-05,1.77,1.77,1.73,1.76,1.7388310000000002,0.0
2010-04-06,1.77,1.82,1.74,1.82,1.798109,2745475.0
2010-04-07,1.83,1.85,1.78,1.78,1.75859,0.0
2010-04-08,1.76,1.81,1.75,1.81,1.788229,1644515.0
2010-04-09,1.81,1.83,1.79,1.79,1.76847,1307434.0
2010-04-12,1.79,1.81,1.78,1.79,1.76847,0.0
2010-04-13,1.79,1.8,1.77,1.78,1.75859,1522672.0
2010-04-14,1.78,1.79,1.77,1.78,1.75859,1119333.0
2010-04-15,1.79,1.79,1.76,1.76,1.7388310000000002,0.0
2010-04-16,1.76,1.77,1.71,1.72,1.699312,0.0
2010-04-19,1.72,1.73,1.69,1.73,1.709191,0.0
2010-04-20,1.74,1.74,1.7,1.71,1.689432,1568017.0
2010-04-21,1.72,1.74,1.7,1.73,1.709191,1174093.0
2010-04-22,1.71,1.74,1.7,1.74,1.719071,1068013.0
2010-04-23,1.74,1.75,1.72,1.73,1.709191,985480.0
2010-04-26,1.73,1.73,1.7,1.71,1.689432,945452.0
2010-04-27,1.7,1.72,1.68,1.68,1.659793,1473593.0
2010-04-28,1.7,1.7,1.68,1.7,1.679552,1855947.0
2010-04-29,1.7,1.71,1.68,1.68,1.659793,649221.0
2010-04-30,1.67,1.71,1.67,1.7,1.679552,0.0
2010-05-04,1.7,1.73,1.66,1.66,1.640033,1893704.0
2010-05-05,1.65,1.68,1.64,1.66,1.640033,2260408.0
2010-05-06,1.66,1.68,1.58,1.6,1.580755,7902425.0
2010-05-07,1.57,1.62,1.57,1.61,1.590635,2839609.0
2010-05-10,1.69,1.71,1.67,1.69,1.669673,1197113.0
2010-05-11,1.67,1.69,1.65,1.66,1.640033,1019553.0
2010-05-12,1.68,1.68,1.66,1.68,1.659793,0.0
2010-05-13,1.64,1.66,1.63,1.64,1.620274,1550712.0
2010-05-14,1.63,1.63,1.6,1.61,1.590635,1435391.0
2010-05-17,1.61,1.61,1.58,1.6,1.580755,0.0
2010-05-18,1.62,1.62,1.59,1.62,1.600515,1177616.0
2010-05-19,1.6,1.62,1.58,1.61,1.590635,1915195.0
2010-05-20,1.57,1.6,1.55,1.58,1.5609959999999998,3363519.0
2010-05-21,1.58,1.61,1.58,1.59,1.570876,1209834.0
2010-05-24,1.59,1.59,1.59,1.59,1.570876,0.0
2010-05-26,1.59,1.6,1.57,1.58,1.5609959999999998,1637514.0
2010-05-27,1.59,1.61,1.59,1.6,1.580755,664629.0
2010-05-28,1.6,1.61,1.59,1.6,1.580755,943899.0
2010-05-31,1.64,1.64,1.6,1.64,1.620274,511396.0
2010-06-01,1.62,1.64,1.61,1.62,1.600515,1064388.0
2010-06-02,1.64,1.64,1.63,1.63,1.610394,407415.0
2010-06-03,1.64,1.66,1.63,1.66,1.640033,0.0
2010-06-04,1.64,1.64,1.63,1.64,1.620274,626069.0
2010-06-07,1.64,1.65,1.63,1.63,1.610394,1229635.0
2010-06-08,1.64,1.65,1.63,1.63,1.610394,0.0
2010-06-09,1.64,1.65,1.62,1.64,1.620274,1006833.0
2010-06-10,1.65,1.68,1.64,1.68,1.659793,795024.0
2010-06-11,1.67,1.69,1.66,1.69,1.669673,515573.0
2010-06-14,1.69,1.7,1.67,1.68,1.659793,816711.0
2010-06-15,1.68,1.69,1.67,1.68,1.659793,647114.0
2010-06-16,1.68,1.68,1.66,1.66,1.640033,668989.0
2010-06-17,1.66,1.67,1.65,1.66,1.640033,787048.0
2010-06-18,1.66,1.67,1.65,1.65,1.630154,614644.0
2010-06-22,1.65,1.69,1.65,1.68,1.659793,1597982.0
2010-06-23,1.68,1.69,1.66,1.68,1.659793,1636630.0
2010-06-24,1.69,1.73,1.69,1.71,1.689432,0.0
2010-06-25,1.7,1.72,1.68,1.7,1.679552,958314.0
2010-06-28,1.68,1.68,1.64,1.64,1.620274,1324627.0
2010-06-29,1.59,1.63,1.59,1.59,1.570876,2915851.0
2010-06-30,1.59,1.63,1.59,1.59,1.570876,2915851.0
2010-07-01,1.59,1.6,1.56,1.6,1.580755,1167095.0
2010-07-02,1.6,1.6,1.59,1.6,1.580755,345594.0
2010-07-05,1.6,1.6,1.57,1.59,1.570876,103216.0
2010-07-06,1.6,1.62,1.58,1.6,1.580755,853085.0
2010-07-07,1.6,1.61,1.59,1.61,1.590635,1258192.0
2010-07-08,1.61,1.62,1.6,1.62,1.600515,718738.0
2010-07-12,1.62,1.62,1.62,1.62,1.600515,0.0
2010-07-13,1.65,1.65,1.63,1.64,1.620274,919601.0
2010-07-14,1.64,1.66,1.64,1.66,1.640033,1032367.0
2010-07-15,1.65,1.68,1.64,1.68,1.659793,789714.0
2010-07-16,1.67,1.69,1.66,1.69,1.669673,934078.0
2010-07-19,1.68,1.69,1.67,1.68,1.659793,788773.0
2010-07-20,1.68,1.7,1.67,1.7,1.679552,926582.0
2010-07-21,1.7,1.72,1.68,1.68,1.659793,980720.0
2010-07-22,1.68,1.68,1.68,1.68,1.659793,0.0
2010-07-23,1.68,1.68,1.66,1.67,1.6499130000000002,682072.0
2010-07-26,1.68,1.68,1.66,1.66,1.640033,484939.0
2010-07-27,1.67,1.69,1.67,1.68,1.659793,683852.0
2010-07-28,1.68,1.68,1.68,1.68,1.659793,0.0
2010-07-29,1.7,1.7,1.67,1.68,1.659793,3529943.0
2010-07-30,1.68,1.68,1.66,1.67,1.6499130000000002,669744.0
2010-08-02,1.67,1.68,1.64,1.65,1.630154,1020814.0
2010-08-03,1.61,1.66,1.61,1.61,1.590635,1464718.0
2010-08-04,1.61,1.62,1.6,1.62,1.600515,815088.0
2010-08-05,1.6,1.62,1.6,1.62,1.600515,913452.0
2010-08-06,1.62,1.67,1.61,1.67,1.6499130000000002,2998846.0
2010-08-09,1.66,1.69,1.66,1.68,1.659793,1151744.0
2010-08-10,1.67,1.68,1.65,1.66,1.640033,1026043.0
2010-08-11,1.66,1.66,1.66,1.66,1.640033,0.0
2010-08-12,1.6,1.67,1.59,1.64,1.620274,1297636.0
2010-08-13,1.64,1.65,1.62,1.64,1.620274,1047579.0
2010-08-18,1.64,1.66,1.64,1.66,1.640033,0.0
2010-08-19,1.66,1.66,1.63,1.64,1.620274,904560.0
2010-08-20,1.62,1.72,1.62,1.67,1.6499130000000002,3082862.0
2010-08-23,1.66,1.67,1.61,1.61,1.590635,841789.0
2010-08-24,1.6,1.61,1.59,1.61,1.590635,1333675.0
2010-08-25,1.61,1.61,1.58,1.61,1.590635,573190.0
2010-08-26,1.62,1.62,1.59,1.6,1.580755,693148.0
2010-08-27,1.61,1.62,1.58,1.61,1.590635,622498.0
2010-08-30,1.61,1.61,1.61,1.61,1.590635,0.0
2010-08-31,1.62,1.64,1.62,1.63,1.610394,856045.0
2010-09-01,1.66,1.66,1.63,1.66,1.640033,557129.0
2010-09-02,1.67,1.67,1.64,1.66,1.640033,480820.0
2010-09-03,1.66,1.67,1.63,1.64,1.620274,762340.0
2010-09-06,1.63,1.65,1.63,1.65,1.630154,423647.0
2010-09-07,1.64,1.64,1.62,1.64,1.620274,657642.0
2010-09-08,1.65,1.65,1.63,1.65,1.630154,528059.0
2010-09-09,1.65,1.66,1.63,1.64,1.620274,465399.0
2010-09-10,1.64,1.67,1.64,1.67,1.6499130000000002,972463.0
2010-09-13,1.68,1.68,1.66,1.66,1.640033,531719.0
2010-09-14,1.66,1.67,1.65,1.66,1.640033,460218.0
2010-09-15,1.68,1.7,1.67,1.69,1.669673,933521.0
2010-09-16,1.68,1.7,1.68,1.69,1.669673,276419.0
2010-09-17,1.7,1.74,1.7,1.73,1.709191,1610415.0
2010-09-20,1.75,1.75,1.73,1.75,1.728951,1024991.0
2010-09-21,1.75,1.76,1.73,1.75,1.728951,1206250.0
2010-09-22,1.72,1.74,1.72,1.73,1.709191,347668.0
2010-09-23,1.73,1.73,1.73,1.73,1.709191,0.0
2010-09-24,1.73,1.75,1.72,1.74,1.719071,942286.0
2010-09-27,1.73,1.85,1.73,1.84,1.817868,6071665.0
2010-09-28,1.8,1.9,1.8,1.86,1.8376279999999998,2147822.0
2010-09-29,1.86,1.86,1.86,1.86,1.8376279999999998,0.0
2010-09-30,1.85,1.86,1.78,1.8,1.77835,1927711.0
2010-10-01,1.8,1.82,1.76,1.8,1.77835,803764.0
2010-10-04,1.77,1.79,1.76,1.76,1.7388310000000002,314217.0
2010-10-05,1.77,1.81,1.77,1.79,1.76847,932027.0
2010-10-06,1.78,1.8,1.78,1.78,1.75859,768448.0
2010-10-07,1.78,1.81,1.78,1.79,1.76847,1170894.0
2010-10-08,1.79,1.82,1.78,1.8,1.77835,948788.0
2010-10-12,1.8,1.88,1.8,1.88,1.857387,1491473.0
2010-10-13,1.89,1.92,1.88,1.89,1.8672669999999998,5099885.0
2010-10-14,1.89,1.89,1.85,1.89,1.8672669999999998,2524424.0
2010-10-15,1.9,1.97,1.9,1.95,1.9265450000000002,4727815.0
2010-10-18,1.94,2.05,1.94,2.02,1.9957029999999998,10692903.0
2010-10-19,2.0,2.04,1.96,1.99,1.966064,6813040.0
2010-10-20,1.99,1.99,1.99,1.99,1.966064,0.0
2010-10-21,1.99,1.99,1.99,1.99,1.966064,0.0
2010-10-22,2.05,2.07,2.05,2.06,2.035222,1238370.0
2010-10-25,2.11,2.12,2.06,2.11,2.084621,2847323.0
2010-10-26,2.11,2.13,2.08,2.11,2.084621,1550330.0
2010-10-27,2.11,2.11,2.11,2.11,2.084621,0.0
2010-10-28,2.21,2.24,2.17,2.21,2.183418,7026035.0
2010-10-29,2.25,2.25,2.19,2.25,2.222937,2073871.0
2010-11-01,2.25,2.38,2.23,2.33,2.301975,3380997.0
2010-11-02,2.36,2.39,2.14,2.24,2.213057,7272534.0
2010-11-03,2.24,2.3,2.19,2.24,2.213057,2807779.0
2010-11-04,2.29,2.4,2.28,2.34,2.3118540000000003,2820556.0
2010-11-05,2.37,2.37,2.29,2.34,2.3118540000000003,3180431.0
2010-11-08,2.34,2.4,2.31,2.38,2.351373,1985614.0
2010-11-09,2.39,2.41,2.32,2.32,2.292095,2913987.0
2010-11-10,2.32,2.32,2.22,2.3,2.272335,1147482.0
2010-11-11,2.29,2.4,2.26,2.33,2.301975,896689.0
2010-11-12,2.33,2.37,2.2,2.22,2.193298,2552320.0
2010-11-15,2.22,2.28,2.22,2.26,2.232817,1560390.0
2010-11-16,2.25,2.25,2.15,2.16,2.13402,2681971.0
2010-11-17,2.2,2.21,2.15,2.16,2.13402,1998329.0
2010-11-18,2.21,2.28,2.2,2.27,2.242696,2728914.0
2010-11-19,2.27,2.32,2.25,2.31,2.2822150000000003,2047053.0
2010-11-22,,,,,,
2010-11-23,2.27,2.49,2.27,2.41,2.3810119999999997,3668734.0
2010-11-24,2.43,2.66,2.43,2.58,2.548968,15508933.0
2010-11-25,2.65,2.75,2.63,2.75,2.716923,9964682.0
2010-11-26,2.75,2.85,2.69,2.82,2.7860810000000003,7095151.0
2010-11-29,2.83,2.85,2.75,2.76,2.726803,5502700.0
2010-11-30,2.77,2.8,2.75,2.76,2.726803,3601541.0
2010-12-01,2.82,2.87,2.82,2.84,2.8058400000000003,3720836.0
2010-12-02,2.86,2.9,2.84,2.85,2.8157200000000002,3359010.0
2010-12-03,2.86,2.93,2.86,2.88,2.845359,2172885.0
2010-12-06,2.91,2.91,2.88,2.88,2.845359,2630800.0
2010-12-07,2.88,2.95,2.79,2.8,2.766321,2781082.0
2010-12-09,2.8,2.8,2.69,2.71,2.677404,3480329.0
2010-12-10,2.73,2.74,2.66,2.67,2.637885,1688819.0
2010-12-13,2.67,2.68,2.64,2.66,2.628006,2600400.0
2010-12-14,2.66,2.66,2.6,2.61,2.578607,1691998.0
2010-12-15,2.59,2.59,2.49,2.5,2.4699299999999997,1833210.0
2010-12-16,2.53,2.58,2.5,2.53,2.4995689999999997,2264566.0
2010-12-17,2.55,2.65,2.55,2.64,2.608246,2493100.0
2010-12-20,2.69,2.71,2.66,2.66,2.628006,1237983.0
2010-12-21,2.7,2.7,2.57,2.58,2.548968,1654514.0
2010-12-22,2.59,2.62,2.58,2.61,2.578607,2033037.0
2010-12-23,2.62,2.66,2.61,2.61,2.578607,1485273.0
2010-12-27,2.62,2.74,2.57,2.71,2.677404,4261032.0
2010-12-28,2.71,2.82,2.71,2.8,2.766321,2378336.0
2010-12-29,2.82,2.84,2.8,2.8,2.766321,1933095.0
2010-12-30,2.82,2.84,2.72,2.76,2.726803,487532.0
2011-01-03,2.76,2.81,2.75,2.78,2.746562,2184778.0
2011-01-04,2.81,2.81,2.65,2.71,2.677404,1232000.0
2011-01-05,2.65,2.7,2.65,2.68,2.647765,1331000.0
2011-01-06,2.68,2.71,2.58,2.61,2.578607,2407482.0
2011-01-07,2.61,2.64,2.59,2.62,2.588486,1557418.0
2011-01-10,2.62,2.65,2.58,2.65,2.6181259999999997,1162379.0
2011-01-11,2.7,2.71,2.64,2.66,2.628006,1117100.0
2011-01-12,2.7,2.7,2.65,2.67,2.637885,1149748.0
2011-01-13,2.68,2.71,2.67,2.68,2.647765,1222500.0
2011-01-14,2.69,2.7,2.67,2.69,2.657645,313000.0
2011-01-17,2.69,2.7,2.65,2.69,2.657645,167400.0
2011-01-18,2.72,2.82,2.71,2.82,2.7860810000000003,2110321.0
2011-01-19,2.84,2.86,2.79,2.82,2.7860810000000003,1295694.0
2011-01-20,2.94,3.06,2.92,3.02,2.983675,8103643.0
2011-01-21,3.04,3.14,3.03,3.07,3.033074,8473926.0
2011-01-24,3.1,3.1,3.0,3.03,2.9935549999999997,2186700.0
2011-01-25,3.04,3.04,2.96,2.98,2.944156,1435931.0
2011-01-26,3.0,3.02,2.97,2.99,2.954036,980600.0
2011-01-27,3.01,3.02,2.9,2.9,2.865119,778769.0
2011-01-28,2.93,2.93,2.84,2.85,2.8157200000000002,1861188.0
2011-02-01,2.87,2.9,2.82,2.86,2.825599,2274784.0
2011-02-02,2.88,2.88,2.84,2.86,2.825599,821887.0
2011-02-03,2.86,2.86,2.82,2.84,2.8058400000000003,942447.0
2011-02-04,2.84,2.85,2.81,2.84,2.8058400000000003,1120900.0
2011-02-07,2.84,2.84,2.78,2.78,2.746562,940700.0
2011-02-08,2.8,2.8,2.74,2.78,2.746562,1118022.0
2011-02-09,,,,,,
2011-02-10,2.68,2.7,2.64,2.65,2.6181259999999997,2082412.0
2011-02-11,2.63,2.68,2.61,2.66,2.628006,1892361.0
2011-02-14,2.7,2.7,2.64,2.64,2.608246,1275081.0
2011-02-15,2.65,2.66,2.61,2.63,2.598366,1337717.0
2011-02-16,,,,,,
2011-02-17,,,,,,
2011-02-18,,,,,,
2011-02-21,2.7,2.7,2.65,2.67,2.637885,592692.0
2011-02-22,2.63,2.67,2.6,2.63,2.598366,1532659.0
2011-02-23,,,,,,
2011-02-24,2.55,2.6,2.54,2.59,2.558847,1347677.0
2011-02-25,2.62,2.64,2.58,2.58,2.548968,895767.0
2011-02-28,3.0,3.0,3.0,3.0,2.9639159999999998,594303.0
2011-03-01,2.6,2.61,2.55,2.56,2.529208,759457.0
2011-03-02,2.55,2.57,2.51,2.51,2.47981,1094761.0
2011-03-03,2.53,2.59,2.53,2.58,2.548968,626322.0
2011-03-04,2.59,2.6,2.54,2.57,2.539088,382047.0
2011-03-09,2.59,2.6,2.54,2.57,2.539088,382047.0
2011-03-10,,,,,,
2011-03-11,2.45,2.5,2.45,2.48,2.450171,886896.0
2011-03-14,,,,,,
2011-03-15,2.32,2.34,2.26,2.3,2.272335,2112997.0
2011-03-16,2.31,2.37,2.26,2.33,2.301975,3184277.0
2011-03-17,2.35,2.38,2.34,2.35,2.321734,1065802.0
2011-03-18,2.36,2.37,2.35,2.37,2.341493,1180263.0
2011-03-21,,,,,,
2011-03-22,2.4,2.4,2.37,2.38,2.365125,1203582.0
2011-03-23,2.36,2.43,2.36,2.43,2.414813,1537560.0
2011-03-28,2.4,2.42,2.39,2.39,2.375062,850508.0
2011-03-29,2.4,2.4,2.36,2.4,2.385,708684.0
2011-03-30,2.4,2.42,2.38,2.39,2.375062,1358256.0
2011-03-31,,,,,,
2011-04-01,2.52,2.52,2.42,2.52,2.50425,1942465.0
2011-04-04,2.55,2.58,2.54,2.56,2.544,878058.0
2011-04-05,2.57,2.6,2.55,2.55,2.534062,925156.0
2011-04-06,2.55,2.57,2.5,2.51,2.494313,564968.0
2011-04-07,2.54,2.54,2.44,2.44,2.42475,510516.0
2011-04-08,2.47,2.48,2.44,2.48,2.4645,636578.0
2011-04-11,,,,,,
2011-04-12,,,,,,
2011-04-13,2.41,2.43,2.4,2.43,2.414813,640817.0
2011-04-14,2.4,2.42,2.38,2.42,2.404875,763027.0
2011-04-15,2.42,2.42,2.36,2.39,2.375062,769665.0
2011-04-18,,,,,,
2011-04-19,,,,,,
2011-04-20,2.41,2.53,2.4,2.52,2.50425,2915550.0
2011-04-25,2.51,2.54,2.45,2.51,2.494313,1358786.0
2011-04-26,2.52,2.53,2.48,2.5,2.484375,1512386.0
2011-04-27,2.48,2.54,2.48,2.54,2.524125,1060028.0
2011-04-28,2.55,2.56,2.53,2.55,2.534062,1033743.0
2011-04-29,2.54,2.69,2.54,2.6,2.58375,3449868.0
2011-05-02,2.64,2.68,2.64,2.66,2.643375,1498417.0
2011-05-03,2.66,2.66,2.58,2.64,2.6235,368637.0
2011-05-04,2.6,2.63,2.59,2.61,2.593687,874916.0
2011-05-05,2.6,2.6,2.5,2.54,2.524125,1241970.0
2011-05-06,2.54,2.58,2.51,2.52,2.50425,536470.0
2011-05-09,2.52,2.54,2.5,2.53,2.5141869999999997,649073.0
2011-05-10,2.55,2.57,2.54,2.55,2.534062,87574.0
2011-05-11,,,,,,
2011-05-12,2.58,2.59,2.55,2.57,2.553937,912532.0
2011-05-13,2.64,2.64,2.59,2.64,2.6235,2236267.0
2011-05-16,2.61,2.65,2.61,2.63,2.613563,587843.0
2011-05-17,2.64,2.65,2.63,2.64,2.6235,1292247.0
2011-05-18,2.69,2.7,2.65,2.69,2.673187,1056306.0
2011-05-19,2.68,2.69,2.67,2.68,2.66325,936816.0
2011-05-20,2.7,2.72,2.68,2.7,2.683125,1689346.0
2011-05-23,2.63,2.7,2.63,2.63,2.613563,891351.0
2011-05-24,2.64,2.66,2.63,2.64,2.6235,1205255.0
2011-05-26,2.6,2.63,2.56,2.6,2.58375,1130085.0
2011-05-27,,,,,,
2011-05-30,2.57,2.6,2.55,2.57,2.553937,70226.0
2011-05-31,2.58,2.58,2.53,2.57,2.553937,574563.0
2011-06-01,2.56,2.56,2.51,2.53,2.5141869999999997,1661729.0
2011-06-02,,,,,,
2011-06-03,2.5,2.52,2.48,2.5,2.484375,1024348.0
2011-06-06,2.5,2.52,2.47,2.49,2.474437,575725.0
2011-06-07,2.5,2.52,2.47,2.5,2.484375,757126.0
2011-06-08,2.5,2.51,2.48,2.48,2.4645,867323.0
2011-06-09,,,,,,
2011-06-10,2.61,2.66,2.59,2.65,2.633438,2478080.0
2011-06-13,,,,,,
2011-06-14,2.68,2.68,2.63,2.68,2.66325,955893.0
2011-06-15,2.65,2.66,2.57,2.59,2.5738119999999998,1507565.0
2011-06-16,2.55,2.59,2.54,2.55,2.534062,1023205.0
2011-06-17,2.56,2.56,2.54,2.56,2.544,1336370.0
2011-06-21,2.56,2.67,2.54,2.66,2.643375,3804658.0
2011-06-22,2.69,2.69,2.62,2.69,2.673187,2147700.0
2011-06-23,2.64,2.67,2.62,2.66,2.643375,2191837.0
2011-06-24,2.67,2.7,2.62,2.62,2.603625,3256685.0
2011-06-27,2.62,2.63,2.6,2.63,2.613563,732858.0
2011-06-28,2.64,2.65,2.6,2.61,2.593687,686153.0
2011-06-29,2.61,2.62,2.59,2.61,2.593687,612049.0
2011-06-30,2.61,2.62,2.59,2.6,2.58375,1392816.0
2011-07-01,2.61,2.61,2.58,2.59,2.5738119999999998,1040401.0
2011-07-04,2.6,2.62,2.59,2.6,2.58375,392529.0
2011-07-05,2.59,2.62,2.59,2.61,2.593687,1147413.0
2011-07-06,2.67,2.68,2.6,2.67,2.653312,3787970.0
2011-07-07,2.73,2.75,2.7,2.73,2.7129369999999997,2101223.0
2011-07-08,2.7,2.72,2.69,2.72,2.703,885129.0
2011-07-11,2.7,2.7,2.65,2.66,2.643375,495491.0
2011-07-12,2.65,2.67,2.58,2.61,2.593687,641770.0
2011-07-13,2.61,2.65,2.57,2.58,2.563875,1150484.0
2011-07-14,2.6,2.61,2.5,2.52,2.50425,2048640.0
2011-07-15,2.54,2.54,2.52,2.54,2.524125,341541.0
2011-07-18,2.54,2.54,2.49,2.5,2.484375,561103.0
2011-07-19,2.52,2.52,2.49,2.51,2.494313,1028524.0
2011-07-20,2.51,2.52,2.48,2.5,2.484375,1767351.0
2011-07-21,2.49,2.51,2.47,2.49,2.474437,1708209.0
2011-07-22,2.48,2.48,2.45,2.47,2.4545619999999997,893222.0
2011-07-25,2.46,2.47,2.43,2.45,2.434687,847526.0
2011-07-26,2.45,2.53,2.45,2.53,2.5141869999999997,1082823.0
2011-07-27,2.45,2.51,2.44,2.45,2.434687,1439875.0
2011-07-28,2.45,2.46,2.43,2.44,2.42475,439896.0
2011-07-29,,,,,,
2011-08-01,2.5,2.5,2.46,2.47,2.4545619999999997,992924.0
2011-08-02,2.5,2.51,2.47,2.5,2.484375,2173256.0
2011-08-03,2.5,2.55,2.48,2.54,2.524125,1111318.0
2011-08-04,2.53,2.53,2.33,2.38,2.365125,2589170.0
2011-08-05,2.37,2.37,2.25,2.29,2.275687,1944838.0
2011-08-08,2.18,2.19,2.09,2.12,2.10675,3596538.0
2011-08-09,2.13,2.16,2.07,2.15,2.136563,2857214.0
2011-08-10,2.1,2.12,2.07,2.09,2.076937,2394133.0
2011-08-11,2.15,2.23,2.12,2.21,2.196187,1646394.0
2011-08-12,2.2,2.21,2.17,2.2,2.18625,1400406.0
2011-08-16,2.22,2.22,2.12,2.18,2.166375,2886632.0
2011-08-17,2.2,2.23,2.19,2.23,2.216063,871923.0
2011-08-18,2.15,2.18,2.12,2.15,2.136563,2003133.0
2011-08-19,2.12,2.17,2.12,2.17,2.156438,938761.0
2011-08-22,2.12,2.17,2.12,2.17,2.156438,938761.0
2011-08-23,2.17,2.22,2.17,2.2,2.18625,670299.0
2011-08-24,2.21,2.21,2.14,2.19,2.176312,436660.0
2011-08-25,2.19,2.19,2.14,2.15,2.136563,441550.0
2011-08-26,2.14,2.17,2.14,2.17,2.156438,509042.0
2011-08-29,2.17,2.2,2.17,2.19,2.176312,643048.0
2011-08-30,2.18,2.19,2.17,2.18,2.166375,299471.0
2011-08-31,2.2,2.22,2.18,2.2,2.18625,878761.0
2011-09-01,2.2,2.22,2.19,2.2,2.18625,453983.0
2011-09-02,2.15,2.19,2.15,2.17,2.156438,277439.0
2011-09-05,2.11,2.11,2.07,2.08,2.067,463998.0
2011-09-06,2.1,2.15,2.09,2.15,2.136563,2182575.0
2011-09-07,2.18,2.24,2.17,2.24,2.226,707287.0
2011-09-08,2.24,2.24,2.19,2.24,2.226,1419142.0
2011-09-09,2.2,2.24,2.2,2.21,2.196187,905699.0
2011-09-12,2.17,2.2,2.14,2.16,2.1465,1108045.0
2011-09-13,2.15,2.21,2.15,2.19,2.176312,374944.0
2011-09-14,,,,,,
2011-09-15,2.17,2.18,2.16,2.18,2.166375,185597.0
2011-09-16,2.19,2.19,2.15,2.16,2.1465,706217.0
2011-09-19,2.15,2.19,2.13,2.19,2.176312,716387.0
2011-09-20,2.19,2.21,2.17,2.2,2.18625,1004168.0
2011-09-21,2.2,2.23,2.18,2.18,2.166375,943491.0
2011-09-22,2.12,2.15,2.12,2.14,2.126625,3926025.0
2011-09-23,2.14,2.14,2.06,2.1,2.086875,348670.0
2011-09-26,2.08,2.12,2.08,2.12,2.10675,1077591.0
2011-09-27,2.12,2.17,2.12,2.16,2.1465,666656.0
2011-09-28,2.14,2.21,2.14,2.2,2.18625,919018.0
2011-09-29,2.22,2.22,2.2,2.22,2.206125,869797.0
2011-09-30,2.2,2.22,2.17,2.17,2.156438,1537479.0
2011-10-03,2.17,2.17,2.04,2.06,2.047125,1685521.0
2011-10-04,2.03,2.05,2.0,2.04,2.02725,2758053.0
2011-10-05,2.05,2.05,2.01,2.01,1.997437,582937.0
2011-10-06,2.02,2.03,2.02,2.03,2.017313,376752.0
2011-10-07,2.01,2.04,2.01,2.03,2.017313,578713.0
2011-10-11,2.08,2.1,2.05,2.08,2.067,934313.0
2011-10-12,2.1,2.18,2.1,2.17,2.156438,571886.0
2011-10-13,2.15,2.29,2.15,2.29,2.275687,839922.0
2011-10-14,2.32,2.41,2.32,2.37,2.355187,1528125.0
2011-10-17,2.31,2.43,2.31,2.42,2.404875,734317.0
2011-10-18,2.4,2.42,2.3,2.3,2.285625,1266656.0
2011-10-19,2.45,2.45,2.39,2.4,2.385,2875563.0
2011-10-20,,,,,,
2011-10-21,,,,,,
2011-10-24,2.49,2.51,2.45,2.5,2.484375,1395493.0
2011-10-25,2.48,2.5,2.45,2.49,2.474437,870938.0
2011-10-26,2.5,2.56,2.46,2.53,2.5141869999999997,520199.0
2011-10-27,2.59,2.59,2.53,2.54,2.524125,3780269.0
2011-10-28,2.54,2.58,2.52,2.57,2.553937,1080801.0
2011-10-31,2.54,2.6,2.48,2.56,2.544,1495933.0
2011-11-01,2.46,2.54,2.4,2.4,2.385,2507512.0
2011-11-02,2.45,2.56,2.43,2.45,2.434687,3910121.0
2011-11-03,2.5,2.5,2.44,2.47,2.4545619999999997,228145.0
2011-11-04,,,,,,
2011-11-07,2.4,2.42,2.34,2.36,2.34525,536549.0
2011-11-08,2.37,2.4,2.35,2.37,2.355187,257684.0
2011-11-09,2.37,2.37,2.28,2.28,2.26575,172243.0
2011-11-10,2.28,2.32,2.25,2.29,2.275687,235969.0
2011-11-11,,,,,,
2011-11-14,2.26,2.26,2.22,2.23,2.216063,100793.0
2011-11-15,,,,,,
2011-11-16,2.19,2.2,2.14,2.14,2.126625,525367.0
2011-11-17,2.18,2.18,2.09,2.11,2.096812,1471217.0
2011-11-18,2.11,2.12,2.09,2.1,2.086875,708575.0
2011-11-21,2.1,2.1,2.04,2.09,2.076937,369651.0
2011-11-22,2.07,2.14,2.07,2.13,2.116688,954714.0
2011-11-23,2.09,2.09,2.07,2.07,2.0570619999999997,287902.0
2011-11-24,2.1,2.11,2.08,2.11,2.096812,110833.0
2011-11-25,2.11,2.18,2.11,2.16,2.1465,537489.0
2011-11-29,2.11,2.18,2.11,2.16,2.1465,537489.0
2011-11-30,2.16,2.18,2.13,2.17,2.156438,385702.0
2011-12-01,2.17,2.17,2.1,2.16,2.1465,423138.0
2011-12-02,2.19,2.2,2.16,2.2,2.18625,378007.0
2011-12-05,2.16,2.24,2.16,2.16,2.1465,336664.0
2011-12-06,2.2,2.2,2.14,2.14,2.126625,359638.0
2011-12-07,2.14,2.14,2.14,2.14,2.126625,0.0
2011-12-12,2.14,2.14,2.02,2.02,2.007375,199377.0
2011-12-13,2.04,2.05,2.03,2.04,2.02725,240608.0
2011-12-14,2.04,2.04,2.04,2.04,2.02725,0.0
2011-12-15,1.97,2.0,1.97,1.99,1.9775619999999998,781457.0
2011-12-16,1.99,1.99,1.96,1.98,1.967625,278904.0
2011-12-19,1.96,1.97,1.94,1.97,1.957687,456441.0
2011-12-20,1.96,1.99,1.96,1.98,1.967625,413762.0
2011-12-21,1.99,1.99,1.98,1.98,1.967625,710971.0
2011-12-22,1.99,1.99,1.95,1.95,1.9378119999999999,542288.0
2011-12-23,1.97,1.97,1.94,1.95,1.9378119999999999,3933.0
2011-12-27,1.93,1.94,1.92,1.92,1.908,223434.0
2011-12-28,1.9,1.92,1.88,1.92,1.908,268148.0
2011-12-29,1.91,1.98,1.9,1.96,1.94775,330174.0
2012-01-03,1.91,2.0,1.9,1.93,1.917937,1519518.0
2012-01-04,1.95,2.08,1.95,2.08,2.067,1518316.0
2012-01-05,2.08,2.12,2.06,2.08,2.067,2286795.0
2012-01-06,2.1,2.13,2.08,2.11,2.11,6807434.0
2012-01-09,2.12,2.18,2.12,2.15,2.15,5916143.0
2012-01-10,2.16,2.18,2.13,2.14,2.14,1466727.0
2012-01-11,2.14,2.14,2.14,2.14,2.14,0.0
2012-01-12,2.09,2.14,2.08,2.12,2.12,3590918.0
2012-01-13,2.11,2.11,2.07,2.09,2.09,2918743.0
2012-01-16,2.07,2.09,2.06,2.09,2.09,299240.0
2012-01-17,2.1,2.11,2.08,2.08,2.08,660075.0
2012-01-18,2.08,2.12,2.08,2.12,2.12,848810.0
2012-01-19,2.12,2.12,2.12,2.12,2.12,0.0
2012-01-20,2.13,2.13,2.08,2.08,2.08,265895.0
2012-01-23,2.09,2.1,2.08,2.09,2.09,149375.0
2012-01-24,2.07,2.09,2.06,2.09,2.09,532272.0
2012-01-25,2.09,2.09,2.09,2.09,2.09,0.0
2012-01-26,2.1,2.12,2.07,2.09,2.09,899462.0
2012-01-27,2.1,2.11,2.06,2.06,2.06,364331.0
2012-01-30,2.05,2.08,2.05,2.06,2.06,752994.0
2012-01-31,2.05,2.08,2.05,2.06,2.06,520422.0
2012-02-01,2.06,2.06,2.06,2.06,2.06,0.0
2012-02-02,2.06,2.06,2.06,2.06,2.06,0.0
2012-02-03,2.04,2.05,2.03,2.03,2.03,266190.0
2012-02-06,2.02,2.04,2.0,2.02,2.02,570820.0
2012-02-07,2.01,2.04,2.01,2.04,2.04,491764.0
2012-02-08,2.04,2.04,2.04,2.04,2.04,0.0
2012-02-09,1.99,2.04,1.99,2.04,2.04,444861.0
2012-02-10,2.02,2.04,2.0,2.02,2.02,244834.0
2012-02-13,2.03,2.04,1.99,2.04,2.04,1070322.0
2012-02-14,2.04,2.04,2.04,2.04,2.04,0.0
2012-02-15,2.05,2.05,2.01,2.03,2.03,430418.0
2012-02-16,2.02,2.03,2.01,2.02,2.02,666113.0
2012-02-17,2.03,2.04,2.02,2.02,2.02,461075.0
2012-02-22,2.02,2.03,1.99,1.99,1.99,656746.0
2012-02-23,2.03,2.03,2.0,2.03,2.03,529405.0
2012-02-24,2.03,2.09,2.02,2.02,2.02,2340440.0
2012-02-28,2.02,2.02,1.99,2.01,2.01,737997.0
2012-02-29,2.01,2.02,1.99,2.0,2.0,1289446.0
2012-03-01,2.01,2.03,2.0,2.01,2.01,421964.0
2012-03-02,2.02,2.03,2.01,2.03,2.03,810097.0
2012-03-05,2.01,2.01,1.98,2.0,2.0,363093.0
2012-03-06,1.98,2.0,1.98,1.98,1.98,880831.0
2012-03-07,1.98,2.03,1.98,2.02,2.02,465458.0
2012-03-08,2.02,2.05,2.0,2.03,2.03,970653.0
2012-03-09,2.02,2.03,1.97,1.98,1.98,449840.0
2012-03-12,1.94,1.96,1.9,1.96,1.96,3141353.0
2012-03-13,1.96,1.96,1.91,1.94,1.94,923736.0
2012-03-14,1.94,1.96,1.92,1.96,1.96,1283507.0
2012-03-15,1.96,1.96,1.93,1.95,1.95,796406.0
2012-03-16,1.95,1.95,1.93,1.94,1.94,487599.0
2012-03-19,1.95,1.95,1.95,1.95,1.95,0.0
2012-03-20,1.89,1.89,1.84,1.85,1.85,470754.0
2012-03-21,1.85,1.85,1.85,1.85,1.85,0.0
2012-03-22,1.82,1.82,1.76,1.76,1.76,601707.0
2012-03-23,1.72,1.76,1.7,1.74,1.74,1330430.0
2012-03-26,1.75,1.75,1.68,1.73,1.73,1610517.0
2012-03-27,1.72,1.77,1.7,1.77,1.77,85921.0
2012-03-28,1.76,1.78,1.74,1.78,1.78,1024941.0
2012-03-29,1.77,1.78,1.74,1.74,1.74,969529.0
2012-03-30,1.74,1.77,1.73,1.77,1.77,865621.0
2012-04-03,1.77,1.77,1.69,1.73,1.73,665401.0
2012-04-04,1.71,1.71,1.68,1.68,1.68,1268007.0
2012-04-09,1.68,1.7,1.64,1.67,1.67,2070508.0
2012-04-10,1.69,1.72,1.68,1.72,1.72,91882.0
2012-04-11,1.74,1.75,1.71,1.71,1.71,43922.0
2012-04-12,1.72,1.72,1.68,1.71,1.71,563138.0
2012-04-13,1.69,1.69,1.66,1.66,1.66,378008.0
2012-04-16,1.66,1.67,1.6,1.64,1.64,1149291.0
2012-04-17,1.6,1.65,1.6,1.62,1.62,1638751.0
2012-04-18,1.6,1.66,1.6,1.64,1.64,2380573.0
2012-04-19,1.62,1.63,1.6,1.62,1.62,346186.0
2012-04-20,1.61,1.61,1.56,1.57,1.57,1199918.0
2012-04-23,1.57,1.57,1.54,1.54,1.54,705823.0
2012-04-24,1.54,1.54,1.51,1.51,1.51,511025.0
2012-04-25,1.52,1.52,1.47,1.47,1.47,743521.0
2012-04-26,1.47,1.47,1.39,1.42,1.42,1335951.0
2012-04-27,1.42,1.42,1.39,1.39,1.39,900798.0
2012-05-02,1.39,1.39,1.33,1.34,1.34,1013635.0
2012-05-03,1.33,1.38,1.33,1.33,1.33,1277309.0
2012-05-04,1.35,1.35,1.32,1.35,1.35,888223.0
2012-05-07,1.36,1.44,1.36,1.4,1.4,3053972.0
2012-05-08,1.42,1.54,1.41,1.49,1.49,3483923.0
2012-05-09,1.45,1.45,1.37,1.38,1.38,1249872.0
2012-05-10,1.38,1.38,1.34,1.36,1.36,459449.0
2012-05-11,1.36,1.36,1.34,1.34,1.34,951056.0
2012-05-14,1.33,1.33,1.26,1.27,1.27,390829.0
2012-05-15,1.28,1.28,1.21,1.24,1.24,60484.0
2012-05-16,1.22,1.23,1.13,1.14,1.14,2167368.0
2012-05-17,1.14,1.16,1.09,1.1,1.1,3478730.0
2012-05-18,1.1,1.12,1.1,1.1,1.1,0.0
2012-05-21,1.12,1.13,1.12,1.13,1.13,227731.0
2012-05-22,1.15,1.18,1.15,1.17,1.17,635172.0
2012-05-23,1.17,1.18,1.16,1.18,1.18,573183.0
2012-05-24,1.18,1.18,1.15,1.16,1.16,926895.0
2012-05-28,1.16,1.19,1.16,1.17,1.17,34202.0
2012-05-29,1.17,1.17,1.11,1.12,1.12,1066778.0
2012-05-30,1.13,1.15,1.11,1.15,1.15,454866.0
2012-05-31,1.15,1.17,1.13,1.17,1.17,350348.0
2012-06-01,1.15,1.15,1.12,1.13,1.13,402462.0
2012-06-04,1.12,1.12,1.08,1.1,1.1,308227.0
2012-06-05,1.12,1.12,1.11,1.11,1.11,381131.0
2012-06-06,1.11,1.11,1.11,1.11,1.11,0.0
2012-06-07,1.07,1.09,1.06,1.08,1.08,589510.0
2012-06-08,1.07,1.07,1.05,1.06,1.06,167954.0
2012-06-11,1.06,1.06,1.04,1.04,1.04,178668.0
2012-06-12,1.03,1.04,1.02,1.03,1.03,663919.0
2012-06-13,1.03,1.04,1.01,1.03,1.03,95114.0
2012-06-14,1.0,1.04,0.99,1.04,1.04,856989.0
2012-06-15,1.05,1.1,1.05,1.09,1.09,766638.0
2012-06-18,1.09,1.12,1.07,1.1,1.1,3496.0
2012-06-19,1.1,1.14,1.1,1.13,1.13,955250.0
2012-06-21,1.13,1.13,1.09,1.1,1.1,912128.0
2012-06-22,1.13,1.13,1.09,1.1,1.1,367648.0
2012-06-25,1.1,1.1,1.1,1.1,1.1,0.0
2012-06-26,1.08,1.09,1.07,1.08,1.08,297362.0
2012-06-27,1.06,1.09,1.05,1.09,1.09,200647.0
2012-06-28,1.1,1.1,1.08,1.09,1.09,113690.0
2012-06-29,1.11,1.11,1.07,1.09,1.09,331094.0
2012-07-02,1.08,1.1,1.07,1.09,1.09,507927.0
2012-07-03,1.1,1.11,1.07,1.11,1.11,622966.0
2012-07-04,1.11,1.11,1.08,1.1,1.1,136400.0
2012-07-05,1.1,1.1,1.1,1.1,1.1,0.0
2012-07-06,1.15,1.15,1.13,1.14,1.14,354241.0
2012-07-10,1.14,1.14,1.08,1.09,1.09,395650.0
2012-07-11,1.11,1.14,1.1,1.14,1.14,110104.0
2012-07-12,1.12,1.13,1.11,1.11,1.11,151650.0
2012-07-13,1.12,1.12,1.08,1.1,1.1,201382.0
2012-07-16,1.11,1.16,1.11,1.14,1.14,1260854.0
2012-07-17,1.14,1.15,1.13,1.15,1.15,53231.0
2012-07-18,1.16,1.22,1.16,1.21,1.21,1896029.0
2012-07-19,1.23,1.23,1.19,1.21,1.21,1129271.0
2012-07-20,1.2,1.2,1.18,1.19,1.19,635623.0
2012-07-23,1.15,1.2,1.15,1.19,1.19,840793.0
2012-07-24,1.18,1.19,1.15,1.17,1.17,844062.0
2012-07-25,1.18,1.22,1.16,1.19,1.19,2873735.0
2012-07-26,1.2,1.2,1.17,1.18,1.18,504464.0
2012-07-27,1.16,1.16,1.13,1.13,1.13,1370849.0
2012-07-30,1.13,1.13,1.1,1.11,1.11,321933.0
2012-07-31,1.11,1.11,1.11,1.11,1.11,0.0
2012-08-01,1.07,1.09,1.07,1.08,1.08,153763.0
2012-08-02,1.07,1.09,1.07,1.09,1.09,417816.0
2012-08-03,1.1,1.13,1.08,1.12,1.12,823058.0
2012-08-06,1.11,1.13,1.11,1.12,1.12,13633.0
2012-08-07,1.12,1.12,1.07,1.1,1.1,454784.0
2012-08-08,1.09,1.12,1.08,1.1,1.1,798398.0
2012-08-09,1.1,1.1,1.1,1.1,1.1,0.0
2012-08-10,1.06,1.06,1.03,1.05,1.05,521608.0
2012-08-13,1.06,1.07,1.06,1.06,1.06,307040.0
2012-08-14,1.08,1.08,1.05,1.06,1.06,309479.0
2012-08-15,1.07,1.08,1.06,1.07,1.07,428199.0
2012-08-16,1.06,1.1,1.06,1.1,1.1,826514.0
2012-08-17,1.08,1.08,1.06,1.06,1.06,181734.0
2012-08-21,1.06,1.06,1.04,1.05,1.05,171666.0
2012-08-22,1.04,1.05,1.03,1.03,1.03,343551.0
2012-08-23,1.04,1.05,1.03,1.04,1.04,624637.0
2012-08-24,1.05,1.09,1.05,1.07,1.07,1260307.0
2012-08-27,1.08,1.12,1.07,1.08,1.08,4417331.0
2012-08-28,1.09,1.1,1.06,1.06,1.06,1244230.0
2012-08-29,1.06,1.07,1.04,1.06,1.06,462567.0
2012-08-30,1.06,1.06,1.04,1.04,1.04,284754.0
2012-08-31,1.05,1.05,1.02,1.02,1.02,627807.0
2012-09-03,1.02,1.02,1.0,1.01,1.01,566843.0
2012-09-04,1.0,1.03,1.0,1.03,1.03,901043.0
2012-09-05,1.03,1.04,1.01,1.03,1.03,259903.0
2012-09-06,1.03,1.03,1.01,1.01,1.01,339949.0
2012-09-07,1.01,1.01,0.98,0.984,0.984,777488.0
2012-09-10,0.984,0.985,0.97,0.98,0.98,398779.0
2012-09-11,0.98,0.98,0.98,0.98,0.98,0.0
2012-09-12,0.97,0.98,0.96,0.978,0.978,562919.0
2012-09-13,0.98,0.984,0.971,0.976,0.976,664218.0
2012-09-14,0.985,0.995,0.976,0.976,0.976,71321.0
2012-09-17,0.97,0.972,0.96,0.96,0.96,399445.0
2012-09-18,0.941,0.955,0.941,0.949,0.949,490295.0
2012-09-19,0.945,0.945,0.938,0.94,0.94,534227.0
2012-09-20,0.94,0.94,0.927,0.927,0.927,649445.0
2012-09-21,0.93,0.945,0.93,0.943,0.943,469888.0
2012-09-24,,,,,,
2012-09-25,0.94,0.955,0.925,0.935,0.935,896547.0
2012-09-26,0.935,0.935,0.892,0.905,0.905,1839868.0
2012-09-27,0.905,0.926,0.9,0.925,0.925,1052409.0
2012-09-28,0.915,0.93,0.905,0.916,0.916,364678.0
2012-10-01,0.92,0.92,0.91,0.92,0.92,456663.0
2012-10-02,0.93,0.93,0.895,0.905,0.905,627092.0
2012-10-03,0.905,0.905,0.905,0.905,0.905,83917.0
2012-10-04,0.905,0.91,0.9,0.91,0.91,332410.0
2012-10-05,0.92,0.96,0.917,0.95,0.95,1061958.0
2012-10-09,0.95,0.95,0.92,0.93,0.93,407107.0
2012-10-10,0.925,0.925,0.87,0.9,0.9,982624.0
2012-10-11,0.91,0.915,0.9,0.904,0.904,368334.0
2012-10-12,0.9,0.9,0.881,0.895,0.895,281647.0
2012-10-15,0.899,0.9,0.88,0.9,0.9,299978.0
2012-10-16,0.886,0.918,0.885,0.899,0.899,1007973.0
2012-10-17,0.905,0.918,0.899,0.918,0.918,673297.0
2012-10-18,0.918,0.918,0.918,0.918,0.918,0.0
2012-10-19,0.9,0.909,0.896,0.896,0.896,320542.0
2012-10-22,0.899,0.899,0.88,0.89,0.89,452437.0
2012-10-23,0.889,0.889,0.857,0.87,0.87,491186.0
2012-10-24,0.874,0.89,0.86,0.89,0.89,550532.0
2012-10-25,0.89,0.897,0.88,0.887,0.887,1566972.0
2012-10-26,0.875,0.875,0.861,0.868,0.868,576794.0
2012-10-29,0.857,0.857,0.846,0.85,0.85,274087.0
2012-10-30,0.85,0.85,0.84,0.84,0.84,196554.0
2012-10-31,0.857,0.857,0.846,0.85,0.85,274.0
2012-11-01,0.885,0.895,0.856,0.895,0.895,327147.0
2012-11-02,0.895,0.925,0.896,0.925,0.925,890475.0
2012-11-05,0.925,0.925,0.901,0.904,0.904,205630.0
2012-11-07,0.904,0.91,0.888,0.9,0.9,247096.0
2012-11-08,0.9,0.925,0.9,0.9,0.9,690575.0
2012-11-09,0.9,0.9,0.89,0.895,0.895,177211.0
2012-11-12,0.89,0.89,0.88,0.885,0.885,389027.0
2012-11-13,0.89,0.89,0.87,0.88,0.88,430230.0
2012-11-14,0.88,0.9,0.868,0.895,0.895,456230.0
2012-11-15,0.9,0.9,0.87,0.87,0.87,243822.0
2012-11-16,0.87,0.9,0.87,0.899,0.899,675267.0
2012-11-19,0.9,0.9,0.87,0.872,0.872,169179.0
2012-11-20,0.872,0.872,0.872,0.872,0.872,0.0
2012-11-21,0.9,0.9,0.88,0.887,0.887,663669.0
2012-11-22,0.85,0.875,0.84,0.85,0.85,624981.0
2012-11-23,0.88,0.89,0.875,0.879,0.879,548489.0
2012-11-27,0.879,0.879,0.879,0.879,0.879,0.0
2012-11-28,0.85,0.85,0.82,0.82,0.82,627422.0
2012-11-29,0.82,0.83,0.82,0.824,0.824,630484.0
2012-11-30,0.824,0.824,0.824,0.824,0.824,0.0
2012-12-03,0.83,0.83,0.82,0.825,0.825,474474.0
2012-12-04,0.829,0.843,0.825,0.833,0.833,1299017.0
2012-12-05,0.84,0.84,0.825,0.83,0.83,635176.0
2012-12-06,0.83,0.835,0.825,0.825,0.825,403924.0
2012-12-07,0.835,0.835,0.816,0.816,0.816,424230.0
2012-12-10,0.818,0.818,0.8,0.815,0.815,408745.0
2012-12-11,0.815,0.816,0.81,0.813,0.813,584732.0
2012-12-12,,,,,,
2012-12-13,0.832,0.865,0.832,0.845,0.845,1.0
2012-12-14,0.845,0.845,0.845,0.845,0.845,0.0
2012-12-17,0.85,0.897,0.85,0.897,0.897,2.0
2012-12-18,0.897,0.95,0.897,0.948,0.948,3734938.0
2012-12-19,0.948,0.98,0.945,0.968,0.968,3200674.0
2012-12-20,0.97,0.98,0.965,0.98,0.98,1719227.0
2012-12-21,0.963,0.963,0.93,0.938,0.938,1355363.0
2012-12-26,0.938,0.963,0.93,0.96,0.96,1175561.0
2012-12-27,0.98,0.98,0.95,0.95,0.95,1480601.0
2012-12-28,0.95,0.95,0.95,0.95,0.95,0.0
2013-01-02,0.95,0.99,0.95,0.97,0.97,1090995.0
2013-01-03,0.97,0.978,0.965,0.97,0.97,847592.0
2013-01-04,0.981,1.06,0.973,1.06,1.06,9014726.0
2013-01-07,1.07,1.08,1.05,1.07,1.07,4511491.0
2013-01-08,1.07,1.1,1.06,1.06,1.06,1669959.0
2013-01-09,1.06,1.06,1.06,1.06,1.06,0.0
2013-01-10,1.06,1.06,1.06,1.06,1.06,0.0
2013-01-11,1.2,1.23,1.11,1.13,1.13,6299936.0
2013-01-14,1.14,1.17,1.12,1.13,1.13,1.0
2013-01-15,1.13,1.13,1.13,1.13,1.13,0.0
2013-01-16,1.1,1.2,1.09,1.17,1.17,3140558.0
2013-01-17,1.19,1.21,1.17,1.18,1.18,1797080.0
2013-01-18,1.18,1.18,1.14,1.16,1.16,797690.0
2013-01-21,1.18,1.2,1.17,1.19,1.19,780683.0
2013-01-22,1.19,1.19,1.19,1.19,1.19,0.0
2013-01-23,1.29,1.29,1.22,1.22,1.22,2892458.0
2013-01-24,1.22,1.22,1.22,1.22,1.22,0.0
2013-01-25,1.26,1.28,1.25,1.27,1.27,2459423.0
2013-01-28,1.29,1.33,1.28,1.29,1.29,1854734.0
2013-01-29,1.29,1.35,1.29,1.35,1.35,3327003.0
2013-01-30,1.36,1.37,1.29,1.31,1.31,2604378.0
2013-01-31,1.31,1.31,1.31,1.31,1.31,0.0
2013-02-01,1.33,1.35,1.31,1.34,1.34,1320016.0
2013-02-04,,,,,,
2013-02-05,1.27,1.27,1.19,1.24,1.24,1971124.0
2013-02-06,1.2,1.22,1.15,1.15,1.15,2038686.0
2013-02-07,1.16,1.2,1.16,1.17,1.17,987408.0
2013-02-08,1.17,1.19,1.15,1.19,1.19,1406731.0
2013-02-13,1.19,1.2,1.17,1.18,1.18,637812.0
2013-02-14,1.18,1.21,1.14,1.21,1.21,1149079.0
2013-02-15,1.22,1.22,1.19,1.2,1.2,1.0
2013-02-18,1.2,1.2,1.2,1.2,1.2,0.0
2013-02-19,1.19,1.19,1.16,1.16,1.16,558581.0
2013-02-21,1.16,1.17,1.1,1.12,1.12,1065480.0
2013-02-22,1.14,1.14,1.09,1.14,1.14,1208850.0
2013-02-25,1.15,1.15,1.13,1.14,1.14,853440.0
2013-02-26,1.13,1.16,1.12,1.14,1.14,1.0
2013-02-27,1.13,1.2,1.13,1.19,1.19,607751.0
2013-02-28,1.18,1.19,1.15,1.18,1.18,2073207.0
2013-03-01,1.16,1.26,1.16,1.23,1.23,1145840.0
2013-03-04,1.24,1.24,1.22,1.23,1.23,596438.0
2013-03-05,1.23,1.27,1.22,1.23,1.23,372713.0
2013-03-06,1.24,1.25,1.2,1.21,1.21,645108.0
2013-03-07,1.21,1.25,1.18,1.25,1.25,674330.0
2013-03-08,1.25,1.25,1.22,1.24,1.24,734783.0
2013-03-11,1.23,1.24,1.2,1.22,1.22,892885.0
2013-03-12,1.22,1.23,1.16,1.2,1.2,3325254.0
2013-03-13,1.2,1.29,1.17,1.29,1.29,1834222.0
2013-03-14,1.28,1.32,1.27,1.3,1.3,919354.0
2013-03-15,1.3,1.34,1.28,1.32,1.32,1783757.0
2013-03-18,1.31,1.34,1.3,1.33,1.33,441444.0
2013-03-19,1.33,1.33,1.28,1.31,1.31,803330.0
2013-03-20,1.31,1.31,1.31,1.31,1.31,0.0
2013-03-21,1.32,1.35,1.31,1.33,1.33,526776.0
2013-03-22,1.31,1.33,1.29,1.29,1.29,739098.0
2013-03-25,1.29,1.29,1.26,1.28,1.28,541897.0
2013-03-26,1.29,1.3,1.27,1.3,1.3,252891.0
2013-03-27,1.29,1.29,1.26,1.27,1.27,513274.0
2013-04-03,1.27,1.28,1.25,1.27,1.27,466421.0
2013-04-04,1.27,1.29,1.26,1.29,1.29,402634.0
2013-04-05,1.27,1.3,1.26,1.3,1.3,478346.0
2013-04-08,1.3,1.32,1.29,1.32,1.32,775918.0
2013-04-09,1.32,1.36,1.32,1.36,1.36,1158982.0
2013-04-10,1.36,1.36,1.36,1.36,1.36,0.0
2013-04-11,1.31,1.33,1.27,1.29,1.29,980651.0
2013-04-12,1.28,1.3,1.27,1.28,1.28,244193.0
2013-04-15,1.28,1.28,1.25,1.25,1.25,764.0
2013-04-16,1.26,1.28,1.25,1.26,1.26,573602.0
2013-04-17,1.25,1.26,1.22,1.24,1.24,319658.0
2013-04-18,1.23,1.23,1.2,1.21,1.21,684556.0
2013-04-19,1.21,1.21,1.21,1.21,1.21,0.0
2013-04-22,1.21,1.21,1.21,1.21,1.21,0.0
2013-04-23,1.24,1.27,1.22,1.27,1.27,1095823.0
2013-04-24,1.27,1.3,1.26,1.26,1.26,754330.0
2013-04-25,1.26,1.3,1.26,1.29,1.29,545467.0
2013-04-26,,,,,,
2013-04-29,1.29,1.29,1.29,1.29,1.29,0.0
2013-04-30,1.26,1.28,1.25,1.27,1.27,928749.0
2013-05-02,1.29,1.29,1.26,1.29,1.29,533388.0
2013-05-03,1.28,1.31,1.28,1.3,1.3,917134.0
2013-05-06,1.31,1.36,1.3,1.35,1.35,2643679.0
2013-05-07,1.35,1.48,1.35,1.48,1.48,5524160.0
2013-05-08,1.49,1.53,1.43,1.44,1.44,3765174.0
2013-05-09,1.44,1.44,1.44,1.44,1.44,0.0
2013-05-10,1.34,1.34,1.23,1.24,1.24,2597033.0
2013-05-13,1.25,1.27,1.21,1.26,1.26,1011261.0
2013-05-14,1.26,1.29,1.24,1.24,1.24,777092.0
2013-05-15,1.24,1.28,1.21,1.27,1.27,1423870.0
2013-05-16,1.27,1.27,1.27,1.27,1.27,0.0
2013-05-17,1.25,1.25,1.21,1.21,1.21,824993.0
2013-05-20,1.22,1.22,1.15,1.18,1.18,928205.0
2013-05-21,1.17,1.18,1.16,1.16,1.16,648047.0
2013-05-22,1.16,1.16,1.16,1.16,1.16,0.0
2013-05-23,1.11,1.21,1.11,1.18,1.18,725449.0
2013-05-24,1.16,1.18,1.14,1.14,1.14,730250.0
2013-05-27,1.14,1.16,1.13,1.16,1.16,312315.0
2013-05-28,1.16,1.17,1.11,1.11,1.11,421075.0
2013-05-29,1.11,1.11,1.11,1.11,1.11,0.0
2013-05-30,1.11,1.11,1.11,1.11,1.11,0.0
2013-05-31,1.15,1.15,1.14,1.15,1.15,216143.0
2013-06-03,1.14,1.17,1.14,1.15,1.15,601586.0
2013-06-04,1.16,1.16,1.13,1.13,1.13,812943.0
2013-06-05,1.13,1.13,1.13,1.13,1.13,0.0
2013-06-06,,,,,,
2013-06-07,1.12,1.13,1.1,1.11,1.11,390304.0
2013-06-10,1.11,1.11,1.11,1.11,1.11,0.0
2013-06-11,1.05,1.08,1.05,1.05,1.05,479982.0
2013-06-12,1.05,1.05,1.05,1.05,1.05,0.0
2013-06-13,1.05,1.05,1.05,1.05,1.05,0.0
2013-06-14,1.03,1.03,1.0,1.0,1.0,383201.0
2013-06-17,1.0,1.0,0.98,0.98,0.98,776128.0
2013-06-18,0.98,0.99,0.935,0.958,0.958,1052161.0
2013-06-19,0.95,0.97,0.95,0.965,0.965,1141157.0
2013-06-24,0.965,0.99,0.9,0.99,0.99,1411199.0
2013-06-25,1.02,1.03,1.0,1.01,1.01,691900.0
2013-06-26,1.01,1.02,0.98,0.98,0.98,63810.0
2013-06-27,0.99,0.995,0.975,0.995,0.995,452718.0
2013-06-28,1.0,1.0,0.981,0.995,0.995,296109.0
2013-07-01,0.99,1.04,0.99,1.04,1.04,990004.0
2013-07-02,1.04,1.04,0.99,0.99,0.99,445980.0
2013-07-03,0.99,0.99,0.973,0.985,0.985,424825.0
2013-07-04,0.99,1.02,0.99,1.01,1.01,331171.0
2013-07-05,1.0,1.02,0.99,1.0,1.0,292712.0
2013-07-08,1.0,1.05,1.0,1.04,1.04,424404.0
2013-07-10,1.04,1.07,1.0,1.05,1.05,385903.0
2013-07-11,1.06,1.11,1.05,1.11,1.11,1057447.0
2013-07-12,1.11,1.11,1.08,1.1,1.1,338435.0
2013-07-15,1.11,1.11,1.08,1.11,1.11,582742.0
2013-07-16,1.11,1.13,1.1,1.13,1.13,524562.0
2013-07-17,1.12,1.13,1.09,1.1,1.1,981289.0
2013-07-18,1.07,1.08,1.05,1.05,1.05,385233.0
2013-07-19,1.06,1.09,1.05,1.08,1.08,660078.0
2013-07-22,1.08,1.11,1.07,1.07,1.07,667146.0
2013-07-23,1.08,1.09,1.06,1.07,1.07,328935.0
2013-07-24,1.07,1.09,1.06,1.09,1.09,404481.0
2013-07-25,1.09,1.09,1.08,1.08,1.08,229098.0
2013-07-26,1.08,1.1,1.07,1.1,1.1,245611.0
2013-07-29,1.08,1.09,1.06,1.06,1.06,286420.0
2013-07-30,1.06,1.06,1.03,1.03,1.03,394122.0
2013-07-31,1.02,1.1,1.02,1.08,1.08,804449.0
2013-08-01,1.08,1.08,1.06,1.08,1.08,362750.0
2013-08-02,1.08,1.09,1.08,1.09,1.09,608225.0
2013-08-05,1.1,1.11,1.07,1.09,1.09,274982.0
2013-08-06,1.09,1.1,1.07,1.09,1.09,593743.0
2013-08-07,1.09,1.1,1.08,1.1,1.1,280862.0
2013-08-08,1.11,1.12,1.07,1.07,1.07,524266.0
2013-08-09,1.1,1.1,1.08,1.09,1.09,510596.0
2013-08-12,1.09,1.15,1.09,1.15,1.15,1289477.0
2013-08-13,1.16,1.19,1.15,1.18,1.18,1798204.0
2013-08-14,1.18,1.28,1.18,1.28,1.28,5139510.0
2013-08-15,1.26,1.26,1.2,1.25,1.25,2701516.0
2013-08-16,1.23,1.23,1.17,1.22,1.22,1767778.0
2013-08-20,1.22,1.23,1.2,1.23,1.23,1242903.0
2013-08-21,1.23,1.24,1.21,1.21,1.21,733423.0
2013-08-22,1.22,1.23,1.21,1.23,1.23,989292.0
2013-08-23,1.23,1.33,1.23,1.27,1.27,5409656.0
2013-08-26,1.27,1.34,1.26,1.32,1.32,3570160.0
2013-08-27,1.3,1.3,1.27,1.28,1.28,2298009.0
2013-08-28,1.3,1.35,1.29,1.3,1.3,1894500.0
2013-08-29,1.29,1.32,1.27,1.32,1.32,1516439.0
2013-08-30,1.3,1.34,1.3,1.32,1.32,832771.0
2013-09-02,1.32,1.37,1.32,1.37,1.37,1100752.0
2013-09-03,1.37,1.4,1.35,1.38,1.38,2010199.0
2013-09-04,1.38,1.38,1.34,1.36,1.36,491311.0
2013-09-05,1.37,1.39,1.34,1.38,1.38,4240214.0
2013-09-06,1.38,1.41,1.37,1.38,1.38,6127474.0
2013-09-09,1.4,1.44,1.4,1.42,1.42,3741283.0
2013-09-10,1.45,1.52,1.45,1.5,1.5,6832049.0
2013-09-11,1.5,1.54,1.45,1.5,1.5,3388488.0
2013-09-12,1.5,1.53,1.44,1.46,1.46,3883926.0
2013-09-13,1.44,1.48,1.44,1.47,1.47,3807298.0
2013-09-16,1.49,1.69,1.49,1.66,1.66,12063281.0
2013-09-17,1.73,1.76,1.69,1.74,1.74,14754123.0
2013-09-18,1.76,1.77,1.7,1.73,1.73,13742112.0
2013-09-19,1.75,1.78,1.73,1.78,1.78,8482929.0
2013-09-20,1.81,1.84,1.75,1.78,1.78,9200385.0
2013-09-23,1.8,1.9,1.73,1.87,1.87,11420452.0
2013-09-24,1.91,1.95,1.8,1.85,1.85,27016274.0
2013-09-25,1.85,1.85,1.85,1.85,1.85,0.0
2013-09-26,1.81,1.84,1.71,1.77,1.77,6229159.0
2013-09-27,1.74,1.78,1.73,1.75,1.75,2163218.0
2013-09-30,1.71,1.88,1.69,1.88,1.88,5878854.0
2013-10-01,1.9,2.01,1.89,2.01,2.01,15026539.0
2013-10-02,1.9,2.01,1.89,2.01,2.01,15026539.0
2013-10-03,1.97,1.98,1.89,1.93,1.93,4959438.0
2013-10-04,1.91,1.95,1.84,1.84,1.84,2751022.0
2013-10-07,1.84,1.84,1.84,1.84,1.84,0.0
2013-10-08,2.01,2.08,2.01,2.07,2.07,8073087.0
2013-10-09,2.09,2.12,2.07,2.12,2.12,11556302.0
2013-10-10,2.15,2.27,2.13,2.25,2.25,22073370.0
2013-10-11,2.32,2.35,2.27,2.35,2.35,10552028.0
2013-10-15,2.35,2.52,2.31,2.32,2.32,16735165.0
2013-10-16,2.32,2.35,2.1,2.19,2.19,18777951.0
2013-10-17,2.2,2.35,2.17,2.35,2.35,7616247.0
2013-10-18,2.4,2.47,2.37,2.44,2.44,10682804.0
2013-10-21,2.5,2.58,2.46,2.49,2.49,13224588.0
2013-10-22,2.5,2.51,2.35,2.41,2.41,7084903.0
2013-10-23,2.35,2.35,2.08,2.14,2.14,19310411.0
2013-10-24,2.1,2.3,2.09,2.28,2.28,8593777.0
2013-10-25,2.28,2.28,2.14,2.2,2.2,9574786.0
2013-10-28,2.24,2.25,2.02,2.11,2.11,9794519.0
2013-10-29,2.11,2.11,1.92,1.95,1.95,14811625.0
2013-10-30,1.95,2.05,1.87,1.94,1.94,6711377.0
2013-10-31,1.92,1.95,1.9,1.9,1.9,2968626.0
2013-11-01,1.9,1.95,1.88,1.88,1.88,6631592.0
2013-11-04,1.89,1.99,1.89,1.98,1.98,3875070.0
2013-11-05,2.01,2.08,1.98,2.07,2.07,10239555.0
2013-11-07,2.07,2.19,1.94,1.95,1.95,5462744.0
2013-11-08,1.96,1.96,1.91,1.92,1.92,2973667.0
2013-11-11,1.94,1.98,1.88,1.97,1.97,3171527.0
2013-11-12,1.97,1.97,1.88,1.88,1.88,3286692.0
2013-11-13,1.88,1.88,1.8,1.81,1.81,2649872.0
2013-11-14,1.81,1.97,1.81,1.96,1.96,5324018.0
2013-11-15,1.99,2.03,1.94,2.01,2.01,8031074.0
2013-11-18,2.05,2.07,1.92,1.93,1.93,9616423.0
2013-11-19,1.87,1.9,1.76,1.79,1.79,6371907.0
2013-11-20,1.87,1.91,1.85,1.87,1.87,4016013.0
2013-11-21,1.93,1.98,1.9,1.94,1.94,3471562.0
2013-11-22,1.97,2.13,1.97,2.13,2.13,14552402.0
2013-11-26,2.13,2.4,2.13,2.34,2.34,16678593.0
2013-11-27,2.41,2.41,2.2,2.24,2.24,10809794.0
2013-11-28,2.24,2.37,2.23,2.36,2.36,5777087.0
2013-11-29,2.36,2.36,2.23,2.28,2.28,6787358.0
2013-12-02,2.28,2.28,2.14,2.14,2.14,4117230.0
2013-12-03,2.14,2.14,1.98,2.03,2.03,8594635.0
2013-12-04,2.04,2.05,1.96,2.02,2.02,1855780.0
2013-12-05,2.05,2.1,2.01,2.03,2.03,1531160.0
2013-12-06,2.04,2.1,2.03,2.06,2.06,2331888.0
2013-12-09,2.07,2.15,2.05,2.08,2.08,2852288.0
2013-12-10,2.1,2.1,1.96,1.96,1.96,2131055.0
2013-12-11,1.97,2.02,1.95,1.97,1.97,2362385.0
2013-12-12,1.96,1.98,1.93,1.95,1.95,3187175.0
2013-12-13,1.97,1.98,1.94,1.94,1.94,1420861.0
2013-12-16,1.96,2.02,1.95,2.01,2.01,3760489.0
2013-12-17,2.01,2.02,1.95,1.99,1.99,2119060.0
2013-12-18,1.95,1.95,1.88,1.92,1.92,4225714.0
2013-12-19,1.91,1.95,1.8,1.84,1.84,11878259.0
2013-12-20,1.84,1.9,1.78,1.83,1.83,3085255.0
2013-12-23,1.81,1.84,1.77,1.77,1.77,2357138.0
2013-12-26,1.77,1.81,1.77,1.81,1.81,1995590.0
2013-12-27,1.8,1.92,1.75,1.9,1.9,4291175.0
2013-12-30,1.92,1.92,1.85,1.89,1.89,1149459.0
2014-01-02,1.92,1.92,1.85,1.9,1.9,2293724.0
2014-01-03,1.9,2.02,1.9,1.99,1.99,4670949.0
2014-01-06,2.0,2.04,1.9,1.95,1.95,4814871.0
2014-01-07,1.95,1.95,1.88,1.9,1.9,1313760.0
2014-01-08,1.91,1.92,1.85,1.91,1.91,2800062.0
2014-01-09,1.91,1.92,1.89,1.9,1.9,1339754.0
2014-01-10,1.94,1.95,1.89,1.9,1.9,1078017.0
2014-01-13,1.91,1.97,1.91,1.94,1.94,1568545.0
2014-01-14,1.97,1.97,1.89,1.91,1.91,908061.0
2014-01-15,1.91,1.96,1.91,1.96,1.96,1353500.0
2014-01-16,1.96,2.03,1.96,2.02,2.02,2129294.0
2014-01-17,2.02,2.09,2.02,2.05,2.05,2044579.0
2014-01-20,2.07,2.08,2.05,2.07,2.07,1216583.0
2014-01-21,2.05,2.07,2.0,2.02,2.02,1187702.0
2014-01-22,2.02,2.05,2.0,2.05,2.05,2444012.0
2014-01-23,2.05,2.05,1.9,1.92,1.92,3558743.0
2014-01-24,1.85,1.88,1.82,1.84,1.84,2913138.0
2014-01-27,1.84,1.84,1.7,1.76,1.76,2891996.0
2014-01-28,1.8,1.8,1.76,1.79,1.79,1443986.0
2014-01-29,1.8,1.86,1.77,1.82,1.82,1929297.0
2014-01-30,1.85,1.93,1.85,1.93,1.93,2022231.0
2014-01-31,1.91,1.99,1.9,1.99,1.99,1775455.0
2014-02-03,2.05,2.17,2.05,2.11,2.11,5594632.0
2014-02-04,2.11,2.15,2.08,2.13,2.13,2653200.0
2014-02-05,2.14,2.14,2.0,2.04,2.04,5404772.0
2014-02-06,2.05,2.05,1.97,2.0,2.0,1917972.0
2014-02-07,2.0,2.0,1.87,1.89,1.89,2045369.0
2014-02-10,1.88,1.88,1.78,1.79,1.79,1212782.0
2014-02-11,1.8,1.87,1.78,1.86,1.86,1581397.0
2014-02-12,1.9,1.97,1.89,1.95,1.95,3058754.0
2014-02-13,1.93,1.96,1.89,1.9,1.9,803443.0
2014-02-14,1.95,2.07,1.93,2.06,2.06,8972534.0
2014-02-17,2.06,2.21,2.06,2.2,2.2,5640924.0
2014-02-18,2.24,2.24,2.1,2.17,2.17,5728992.0
2014-02-19,2.15,2.15,2.08,2.1,2.1,2320551.0
2014-02-20,2.1,2.2,2.1,2.1,2.1,4324050.0
2014-02-21,2.14,2.16,2.11,2.13,2.13,3040105.0
2014-02-24,2.16,2.18,2.13,2.16,2.16,2401488.0
2014-02-25,2.14,2.14,2.08,2.1,2.1,1762829.0
2014-02-26,2.08,2.09,2.05,2.06,2.06,808068.0
2014-02-27,2.06,2.06,2.06,2.06,2.06,0.0
2014-02-28,2.03,2.1,1.99,2.06,2.06,6890130.0
2014-03-03,2.06,2.06,2.06,2.06,2.06,0.0
2014-03-04,2.06,2.06,2.06,2.06,2.06,0.0
2014-03-05,2.05,2.05,1.96,1.98,1.98,3042682.0
2014-03-06,1.98,2.05,1.97,2.05,2.05,3841146.0
2014-03-07,2.06,2.06,2.02,2.04,2.04,2552157.0
2014-03-10,2.05,2.05,1.96,1.99,1.99,2595174.0
2014-03-11,1.99,1.99,1.96,1.99,1.99,1552604.0
2014-03-12,1.98,2.02,1.95,1.98,1.98,2807610.0
2014-03-13,1.99,2.0,1.95,1.97,1.97,1681325.0
2014-03-14,1.9,1.98,1.9,1.95,1.95,2151840.0
2014-03-17,1.96,1.96,1.93,1.95,1.95,2523109.0
2014-03-18,1.96,1.96,1.92,1.96,1.96,1723065.0
2014-03-19,1.96,1.96,1.92,1.96,1.96,2741493.0
2014-03-20,1.96,2.02,1.96,1.98,1.98,2534255.0
2014-03-21,2.01,2.05,2.0,2.03,2.03,2784863.0
2014-03-25,2.03,2.08,2.03,2.07,2.07,2479147.0
2014-03-26,2.07,2.19,2.07,2.16,2.16,11841457.0
2014-03-27,2.16,2.29,2.16,2.26,2.26,11593963.0
2014-03-28,2.29,2.29,2.15,2.2,2.2,5829471.0
2014-03-31,2.22,2.3,2.22,2.28,2.28,3528133.0
2014-04-01,2.28,2.35,2.27,2.34,2.34,5597359.0
2014-04-03,2.34,2.49,2.34,2.44,2.44,9351990.0
2014-04-04,2.46,2.47,2.43,2.46,2.46,7315063.0
2014-04-07,2.44,2.44,2.4,2.43,2.43,4515811.0
2014-04-08,2.42,2.56,2.41,2.56,2.56,9397777.0
2014-04-09,2.58,2.59,2.49,2.54,2.54,8006707.0
2014-04-10,2.52,2.65,2.52,2.61,2.61,11181107.0
2014-04-11,2.63,2.63,2.5,2.54,2.54,5749241.0
2014-04-14,2.54,2.56,2.5,2.5,2.5,4775779.0
2014-04-15,2.54,2.54,2.4,2.43,2.43,4981279.0
2014-04-16,2.43,2.49,2.41,2.49,2.49,4103492.0
2014-04-17,2.49,2.49,2.49,2.49,2.49,0.0
2014-04-18,2.49,2.49,2.49,2.49,2.49,0.0
2014-04-21,2.5,2.54,2.46,2.53,2.53,4222047.0
2014-04-22,2.53,2.62,2.53,2.62,2.62,9843449.0
2014-04-23,2.62,2.8,2.6,2.8,2.8,22917969.0
2014-04-24,2.81,2.93,2.77,2.79,2.79,21357991.0
2014-04-25,2.8,2.8,2.71,2.78,2.78,4986746.0
2014-04-28,2.8,3.03,2.8,3.01,3.01,11393650.0
2014-04-29,3.01,3.07,2.9,2.95,2.95,7177491.0
2014-04-30,2.9,2.95,2.8,2.92,2.92,9168760.0
2014-05-02,2.92,2.95,2.8,2.92,2.92,9168760.0
2014-05-05,2.94,3.02,2.87,3.02,3.02,6729846.0
2014-05-06,3.06,3.07,2.97,2.97,2.97,6266414.0
2014-05-07,2.99,2.99,2.9,2.91,2.91,6723423.0
2014-05-08,2.91,2.96,2.8,2.8,2.8,4519237.0
2014-05-09,2.83,2.93,2.75,2.93,2.93,4730520.0
2014-05-12,2.93,2.96,2.88,2.9,2.9,5023999.0
2014-05-13,2.95,3.05,2.93,3.02,3.02,7705232.0
2014-05-14,3.0,3.04,2.97,3.02,3.02,8501518.0
2014-05-15,2.96,2.97,2.89,2.9,2.9,4765151.0
2014-05-16,2.92,2.93,2.82,2.9,2.9,5596216.0
2014-05-19,2.9,3.04,2.9,3.01,3.01,5173729.0
2014-05-20,3.02,3.11,3.0,3.0,3.0,5428425.0
2014-05-21,3.01,3.33,3.01,3.29,3.29,23698650.0
2014-05-22,3.49,3.49,3.37,3.44,3.44,18521894.0
2014-05-23,3.47,3.47,3.3,3.4,3.4,9559173.0
2014-05-26,3.4,3.5,3.4,3.47,3.47,7945665.0
2014-05-27,3.53,3.63,3.52,3.58,3.58,11291619.0
2014-05-28,3.65,3.82,3.65,3.75,3.75,14660625.0
2014-05-29,3.81,3.94,3.78,3.92,3.92,15380952.0
2014-05-30,3.93,3.94,3.79,3.89,3.89,4023519.0
2014-06-02,3.94,3.94,3.7,3.84,3.84,14527193.0
2014-06-03,3.85,3.89,3.82,3.82,3.82,4122744.0
2014-06-04,3.85,3.85,3.72,3.75,3.75,2758895.0
2014-06-05,3.8,3.89,3.79,3.88,3.88,10973123.0
2014-06-06,3.98,3.98,3.9,3.96,3.96,6690889.0
2014-06-09,4.05,4.14,3.99,4.12,4.12,11296066.0
2014-06-10,4.16,4.32,3.88,3.88,3.88,26972537.0
2014-06-11,3.95,4.02,3.88,3.94,3.94,13553350.0
2014-06-12,3.94,3.98,3.88,3.89,3.89,5096497.0
2014-06-13,3.81,3.98,3.8,3.97,3.97,6501036.0
2014-06-16,3.58,3.7,3.5,3.56,3.56,20620423.0
2014-06-17,3.4,3.82,3.32,3.74,3.74,21306842.0
2014-06-18,3.7,3.88,3.5,3.81,3.81,20830401.0
2014-06-19,3.51,3.79,3.51,3.67,3.67,17533791.0
2014-06-23,3.67,4.12,3.67,4.0,4.0,21780621.0
2014-06-24,4.07,4.1,3.86,3.89,3.89,9409545.0
2014-06-25,3.87,3.96,3.87,3.9,3.9,4940410.0
2014-06-26,3.89,3.94,3.73,3.84,3.84,10613021.0
2014-06-27,3.82,3.9,3.73,3.89,3.89,8917400.0
2014-06-30,3.98,3.98,3.83,3.93,3.93,5996922.0
2014-07-01,4.0,4.1,3.98,4.04,4.04,12937175.0
2014-07-02,4.05,4.15,4.05,4.13,4.13,11199819.0
2014-07-03,4.15,4.18,4.05,4.07,4.07,7443851.0
2014-07-04,4.07,4.07,3.95,4.03,4.03,3964631.0
2014-07-07,4.06,4.08,3.97,3.99,3.99,6696854.0
2014-07-08,4.02,4.19,4.02,4.19,4.19,10746620.0
2014-07-10,4.19,4.53,4.19,4.49,4.49,11532440.0
2014-07-11,4.49,4.62,4.44,4.59,4.59,25712595.0
2014-07-14,4.58,4.58,4.4,4.5,4.5,9081441.0
2014-07-15,4.5,4.56,4.39,4.4,4.4,8713970.0
2014-07-16,4.4,4.44,4.21,4.25,4.25,10555866.0
2014-07-17,4.23,4.26,4.0,4.0,4.0,6091890.0
2014-07-18,4.15,4.34,4.15,4.24,4.24,7481509.0
2014-07-21,4.2,4.2,4.06,4.09,4.09,8312867.0
2014-07-22,4.09,4.09,4.09,4.09,4.09,0.0
2014-07-23,4.07,4.07,3.91,3.91,3.91,7205262.0
2014-07-24,4.03,4.1,3.91,3.91,3.91,7718402.0
2014-07-25,3.92,3.92,3.71,3.71,3.71,9782889.0
2014-07-28,3.67,3.72,3.59,3.66,3.66,9548166.0
2014-07-29,3.61,4.02,3.61,4.02,4.02,5910803.0
2014-07-30,4.38,4.56,4.36,4.55,4.55,19599440.0
2014-07-31,4.01,4.21,4.0,4.06,4.06,15314272.0
2014-08-01,4.05,4.3,3.9,4.15,4.15,21214176.0
2014-08-04,4.18,4.32,4.1,4.31,4.31,13013863.0
2014-08-05,4.28,4.29,4.1,4.1,4.1,8710917.0
2014-08-06,4.1,4.28,4.1,4.2,4.2,7920410.0
2014-08-07,4.28,4.42,4.24,4.35,4.35,6605495.0
2014-08-08,4.38,4.41,4.3,4.38,4.38,7280305.0
2014-08-11,4.38,4.42,4.3,4.32,4.32,3199217.0
2014-08-12,4.28,4.41,4.26,4.39,4.39,5567280.0
2014-08-13,4.4,4.43,4.31,4.34,4.34,6104618.0
2014-08-14,4.33,4.34,4.22,4.22,4.22,13383539.0
2014-08-15,4.25,4.39,4.23,4.37,4.37,9115607.0
2014-08-18,4.37,4.37,4.37,4.37,4.37,0.0
2014-08-19,4.5,4.54,4.48,4.51,4.51,4482305.0
2014-08-20,,,,,,
2014-08-21,4.47,4.47,4.38,4.38,4.38,4170529.0
2014-08-22,4.42,4.54,4.41,4.52,4.52,10712873.0
2014-08-25,4.55,4.58,4.5,4.52,4.52,4587497.0
2014-08-26,4.49,4.53,4.36,4.45,4.45,3996870.0
2014-08-27,4.52,4.75,4.49,4.55,4.55,8960372.0
2014-08-28,4.55,4.6,4.44,4.49,4.49,4432279.0
2014-08-29,4.49,4.54,4.44,4.53,4.53,6814473.0
2014-09-01,4.56,4.65,4.5,4.58,4.58,4224271.0
2014-09-02,4.63,4.69,4.57,4.58,4.58,11071527.0
2014-09-03,4.62,4.88,4.62,4.86,4.86,11793039.0
2014-09-04,4.9,4.9,4.68,4.69,4.69,4773374.0
2014-09-05,4.88,4.99,4.69,4.98,4.98,8628720.0
2014-09-08,4.94,5.24,4.94,5.24,5.24,8767217.0
2014-09-09,5.25,5.39,5.18,5.32,5.32,10559733.0
2014-09-10,5.37,5.4,5.25,5.3,5.3,6546462.0
2014-09-11,5.3,5.41,5.22,5.4,5.4,7343823.0
2014-09-12,5.39,5.59,5.39,5.59,5.59,10376657.0
2014-09-15,5.6,5.72,5.5,5.5,5.5,9149110.0
2014-09-16,5.59,5.9,5.5,5.77,5.77,10131642.0
2014-09-17,5.75,5.85,5.68,5.72,5.72,12595886.0
2014-09-18,5.71,5.73,5.5,5.65,5.65,6215495.0
2014-09-19,5.65,5.68,5.62,5.68,5.68,6145382.0
2014-09-22,5.85,6.0,5.68,6.0,6.0,6535298.0
2014-09-23,6.04,6.14,5.9,6.13,6.13,10016772.0
2014-09-24,6.13,6.15,5.91,6.14,6.14,21230498.0
2014-09-25,6.2,6.2,5.93,6.04,6.04,15870384.0
2014-09-26,6.19,6.29,6.05,6.27,6.27,18403105.0
2014-09-29,6.3,6.5,6.2,6.5,6.5,14216070.0
2014-09-30,6.5,6.5,6.25,6.41,6.41,11235855.0
2014-10-01,6.45,6.45,5.81,5.82,5.82,16734886.0
2014-10-02,5.7,5.7,5.3,5.47,5.47,31129296.0
2014-10-03,5.39,5.99,5.39,5.93,5.93,7226298.0
2014-10-06,6.2,6.2,5.58,5.63,5.63,2036840.0
2014-10-07,5.59,5.65,5.57,5.57,5.57,674337.0
2014-10-08,5.57,5.64,5.57,5.64,5.64,938205.0
2014-10-09,5.56,5.56,5.2,5.29,5.29,1586464.0
2014-10-10,5.3,5.3,5.05,5.25,5.25,1707065.0
2014-10-13,5.25,5.25,5.25,5.25,5.25,0.0
2014-10-14,5.05,5.15,4.95,5.0,5.0,1738135.0
2014-10-15,4.7,4.85,4.7,4.78,4.78,2348298.0
2014-10-16,4.6,5.08,4.6,5.08,5.08,1867843.0
2014-10-17,5.2,5.47,5.12,5.45,5.45,3146142.0
2014-10-20,5.6,5.92,5.48,5.9,5.9,2832471.0
2014-10-21,5.94,5.96,5.53,5.68,5.68,2178540.0
2014-10-22,5.59,5.78,5.5,5.5,5.5,1054872.0
2014-10-23,5.53,5.53,5.3,5.32,5.32,475359.0
2014-10-24,5.32,5.6,5.32,5.56,5.56,823658.0
2014-10-27,5.5,5.65,5.45,5.57,5.57,665173.0
2014-10-28,5.6,5.7,5.52,5.52,5.52,908937.0
2014-10-29,5.59,5.6,5.49,5.49,5.49,609417.0
2014-10-30,5.46,5.71,5.45,5.71,5.71,662323.0
2014-10-31,5.95,5.95,5.77,5.91,5.91,1930205.0
2014-11-03,5.96,6.28,5.94,6.25,6.25,1004029.0
2014-11-04,6.38,6.38,6.08,6.13,6.13,833819.0
2014-11-05,6.12,6.12,5.94,6.0,6.0,527743.0
2014-11-07,6.0,6.16,5.98,6.0,6.0,279018.0
2014-11-10,5.8,5.94,5.8,5.87,5.87,667150.0
2014-11-11,5.82,5.83,5.68,5.7,5.7,361430.0
2014-11-12,5.79,5.79,5.51,5.51,5.51,421453.0
2014-11-13,5.53,5.53,5.33,5.37,5.37,575542.0
2014-11-14,5.35,5.44,5.2,5.44,5.44,780799.0
2014-11-17,5.4,5.41,5.15,5.2,5.2,411508.0
2014-11-18,5.3,5.48,5.2,5.47,5.47,777026.0
2014-11-19,5.45,5.55,5.3,5.3,5.3,274194.0
2014-11-20,5.3,5.7,5.3,5.39,5.39,693439.0
2014-11-21,5.4,5.79,5.4,5.79,5.79,972972.0
2014-11-24,5.79,5.79,5.79,5.79,5.79,0.0
2014-11-25,5.75,5.78,5.46,5.47,5.47,1726746.0
2014-11-26,5.56,5.63,5.5,5.59,5.59,974032.0
2014-11-27,5.6,5.66,5.56,5.62,5.62,248177.0
2014-11-28,5.62,5.62,5.4,5.4,5.4,211852.0
2014-12-01,5.35,5.35,5.05,5.12,5.12,940373.0
2014-12-02,5.09,5.28,5.09,5.15,5.15,979331.0
2014-12-03,5.15,5.37,5.15,5.37,5.37,368415.0
2014-12-04,5.39,5.55,5.2,5.2,5.2,829404.0
2014-12-05,5.3,5.47,5.2,5.44,5.44,857333.0
2014-12-09,5.44,5.44,5.1,5.24,5.24,719372.0
2014-12-10,5.22,5.22,4.8,4.8,4.8,1220062.0
2014-12-11,4.68,5.1,4.65,5.07,5.07,825187.0
2014-12-12,5.15,5.15,4.76,4.79,4.79,938779.0
2014-12-15,4.8,4.8,4.32,4.32,4.32,778557.0
2014-12-16,4.3,4.5,4.05,4.3,4.3,1355848.0
2014-12-17,4.3,4.55,4.3,4.4,4.4,841545.0
2014-12-18,4.5,4.56,4.24,4.25,4.25,1319559.0
2014-12-19,4.33,4.35,4.18,4.24,4.24,1751346.0
2014-12-22,4.27,4.48,4.25,4.39,4.39,1450965.0
2014-12-23,4.52,4.52,4.37,4.51,4.51,572191.0
2014-12-26,4.51,4.51,4.51,4.51,4.51,0.0
2014-12-29,4.6,4.69,4.55,4.55,4.55,685277.0
2014-12-30,4.6,4.6,4.22,4.41,4.41,2547534.0
2015-01-02,4.41,4.66,4.41,4.64,4.64,1050520.0
2015-01-05,4.69,4.69,4.41,4.45,4.45,860644.0
2015-01-06,4.45,4.48,4.32,4.36,4.36,411882.0
2015-01-07,4.45,4.6,4.35,4.6,4.6,550603.0
2015-01-08,4.72,4.95,4.63,4.93,4.93,1302959.0
2015-01-09,5.0,5.0,4.82,4.92,4.92,741729.0
2015-01-12,4.92,4.92,4.72,4.84,4.84,189359.0
2015-01-13,4.9,5.02,4.84,4.9,4.9,489477.0
2015-01-14,4.85,5.06,4.8,4.98,4.98,478048.0
2015-01-15,5.08,5.1,4.89,4.94,4.94,304814.0
2015-01-16,4.9,5.02,4.9,5.02,5.02,732117.0
2015-01-19,5.05,5.07,4.95,5.05,5.05,296037.0
2015-01-20,5.1,5.14,5.0,5.09,5.09,579177.0
2015-01-21,5.12,5.24,5.06,5.2,5.2,465078.0
2015-01-22,5.21,5.32,5.12,5.17,5.17,735328.0
2015-01-23,5.2,5.28,5.15,5.23,5.23,519614.0
2015-01-26,5.23,5.33,5.15,5.33,5.33,796206.0
2015-01-27,5.33,5.59,5.31,5.59,5.59,1168966.0
2015-01-28,5.58,5.75,5.49,5.75,5.75,1537727.0
2015-01-29,5.75,5.75,5.43,5.57,5.57,657681.0
2015-01-30,5.5,5.5,5.2,5.42,5.42,571473.0
2015-02-02,5.31,5.53,5.31,5.45,5.45,618183.0
2015-02-03,5.5,5.63,5.5,5.59,5.59,1447835.0
2015-02-04,5.6,5.65,5.58,5.6,5.6,707599.0
2015-02-05,5.6,5.8,5.6,5.8,5.8,702486.0
2015-02-06,5.8,5.86,5.69,5.69,5.69,1304253.0
2015-02-09,5.71,5.8,5.67,5.7,5.7,282283.0
2015-02-10,5.78,5.78,5.65,5.72,5.72,370720.0
2015-02-11,5.7,5.75,5.66,5.74,5.74,401660.0
2015-02-12,5.75,5.85,5.75,5.8,5.8,1115054.0
2015-02-13,5.9,6.0,5.83,5.98,5.98,1927487.0
2015-02-18,5.98,6.0,5.81,5.85,5.85,906582.0
2015-02-19,5.85,5.85,5.75,5.8,5.8,845450.0
2015-02-20,5.83,5.98,5.79,5.89,5.89,1592558.0
2015-02-23,5.99,6.05,5.8,6.05,6.05,6090719.0
2015-02-24,6.1,6.16,6.03,6.09,6.09,2836481.0
2015-02-25,6.14,6.23,6.05,6.15,6.15,1940740.0
2015-02-26,6.19,6.27,6.07,6.15,6.15,1609075.0
2015-02-27,6.22,6.23,6.1,6.17,6.17,1264045.0
2015-03-02,6.2,6.3,6.2,6.24,6.24,1132502.0
2015-03-03,6.25,6.44,6.24,6.44,6.44,1916207.0
2015-03-04,6.49,6.51,6.34,6.5,6.5,1817107.0
2015-03-05,6.55,6.94,6.54,6.9,6.9,3326172.0
2015-03-06,7.0,7.02,6.93,7.02,7.02,1646499.0
2015-03-09,7.05,7.47,7.0,7.4,7.4,2289566.0
2015-03-10,7.45,7.69,7.15,7.19,7.19,3425119.0
2015-03-11,7.34,7.75,7.28,7.59,7.59,2326654.0
2015-03-12,7.7,7.9,7.3,7.53,7.53,2314728.0
2015-03-13,7.6,8.28,7.6,8.15,8.15,3405448.0
2015-03-16,8.31,8.55,8.31,8.48,8.48,4276142.0
2015-03-17,8.85,8.98,8.5,8.98,8.98,4925185.0
2015-03-18,8.72,8.97,8.6,8.92,8.92,2784133.0
2015-03-19,8.99,9.27,8.76,9.15,9.15,3164348.0
2015-03-20,9.3,9.5,9.25,9.42,9.42,2382002.0
2015-03-25,9.42,9.42,8.64,8.81,8.81,2100988.0
2015-03-26,8.74,8.75,8.0,8.0,8.0,4310815.0
2015-03-27,7.9,8.35,7.9,8.34,8.34,3019178.0
2015-03-30,8.5,8.68,8.25,8.37,8.37,2673052.0
2015-03-31,8.4,8.64,8.11,8.39,8.39,3483448.0
2015-04-01,8.39,8.65,8.39,8.48,8.48,1320279.0
2015-04-06,8.48,8.77,8.48,8.71,8.71,1915975.0
2015-04-07,8.8,8.8,8.4,8.51,8.51,1313141.0
2015-04-08,8.51,8.54,8.4,8.53,8.53,1496523.0
2015-04-09,8.55,8.57,8.34,8.46,8.46,1068573.0
2015-04-10,8.47,8.58,8.39,8.57,8.57,1365222.0
2015-04-13,8.6,8.65,8.3,8.38,8.38,1608597.0
2015-04-14,8.3,8.49,8.24,8.24,8.24,1047218.0
2015-04-15,8.25,8.3,7.9,8.2,8.2,1920492.0
2015-04-16,8.09,8.18,8.0,8.16,8.16,938989.0
2015-04-17,8.16,8.16,7.98,8.03,8.03,1723401.0
2015-04-20,8.12,8.12,7.8,7.84,7.84,1740367.0
2015-04-21,7.8,7.8,7.54,7.55,7.55,1292434.0
2015-04-22,7.55,7.81,7.5,7.81,7.81,1122383.0
2015-04-23,7.81,8.14,7.81,8.12,8.12,872182.0
2015-04-24,8.41,8.65,8.15,8.48,8.48,1506229.0
2015-04-27,8.6,8.7,8.25,8.3,8.3,692760.0
2015-04-28,8.31,8.39,8.06,8.37,8.37,1788377.0
2015-04-29,8.4,8.4,8.03,8.05,8.05,2053762.0
2015-04-30,8.07,8.07,7.7,7.78,7.78,1369924.0
2015-05-04,7.78,8.35,7.78,8.34,8.34,1844527.0
2015-05-05,8.35,8.38,8.25,8.29,8.29,1219599.0
2015-05-06,8.18,8.24,7.97,7.97,7.97,805999.0
2015-05-07,7.8,7.95,7.75,7.88,7.88,549764.0
2015-05-08,7.95,8.02,7.9,8.01,8.01,1207194.0
2015-05-11,8.01,8.04,7.75,7.84,7.84,512839.0
2015-05-12,7.92,8.04,7.72,7.94,7.94,2356300.0
2015-05-13,7.88,7.88,7.77,7.79,7.79,1308167.0
2015-05-14,7.79,7.86,7.75,7.85,7.85,593309.0
2015-05-15,7.84,7.92,7.78,7.8,7.8,730070.0
2015-05-18,7.8,7.82,7.71,7.75,7.75,421505.0
2015-05-19,7.71,7.75,7.46,7.5,7.5,1045066.0
2015-05-20,7.59,7.59,7.4,7.4,7.4,703154.0
2015-05-21,7.25,7.35,7.1,7.14,7.14,613011.0
2015-05-22,7.02,7.07,6.98,7.01,7.01,909588.0
2015-05-26,7.01,7.01,6.7,6.86,6.86,2969728.0
2015-05-27,6.8,6.95,6.75,6.86,6.86,661605.0
2015-05-28,6.88,6.9,6.71,6.72,6.72,611434.0
2015-05-29,6.75,6.85,6.62,6.68,6.68,542041.0
2015-06-01,6.61,6.8,6.61,6.65,6.65,545981.0
2015-06-02,6.65,7.25,6.65,7.25,7.25,3045972.0
2015-06-03,6.89,6.99,6.75,6.9,6.9,4369822.0
2015-06-04,7.14,7.3,7.07,7.19,7.19,2410006.0
2015-06-05,7.2,7.22,7.03,7.09,7.09,908111.0
2015-06-08,7.05,7.1,6.97,7.0,7.0,716454.0
2015-06-09,6.97,7.14,6.97,7.14,7.14,485529.0
2015-06-10,7.15,7.3,7.0,7.08,7.08,1106824.0
2015-06-11,7.0,7.11,6.99,7.1,7.1,442794.0
2015-06-12,7.15,7.15,6.96,7.1,7.1,341359.0
2015-06-15,6.97,6.97,6.8,6.85,6.85,428100.0
2015-06-16,6.82,6.82,6.65,6.7,6.7,463212.0
2015-06-17,6.45,6.58,6.38,6.46,6.46,3372861.0
2015-06-18,6.46,6.5,6.23,6.35,6.35,2115387.0
2015-06-19,6.35,6.53,6.28,6.46,6.46,2160255.0
2015-06-22,6.5,7.05,6.5,6.97,6.97,3317911.0
2015-06-23,7.0,7.25,6.87,7.0,7.0,1163914.0
2015-06-24,7.0,7.1,6.9,6.96,6.96,821152.0
2015-06-25,7.0,7.04,6.89,7.02,7.02,652318.0
2015-06-26,7.04,7.04,6.93,7.0,7.0,486642.0
2015-06-29,6.8,6.93,6.75,6.78,6.78,758089.0
2015-06-30,6.8,7.12,6.78,7.07,7.07,1714620.0
2015-07-01,7.14,7.42,7.14,7.3,7.3,1269655.0
2015-07-02,7.3,7.52,7.13,7.48,7.48,819908.0
2015-07-03,7.5,7.8,7.5,7.7,7.7,1255541.0
2015-07-06,7.69,7.95,7.6,7.88,7.88,909462.0
2015-07-07,7.84,7.85,7.5,7.8,7.8,1185144.0
2015-07-08,7.8,7.8,7.54,7.59,7.59,426906.0
2015-07-10,7.59,7.8,7.59,7.67,7.67,491474.0
2015-07-13,7.85,8.05,7.8,8.04,8.04,1222318.0
2015-07-14,8.04,8.35,8.0,8.3,8.3,1193830.0
2015-07-15,8.33,8.72,8.33,8.72,8.72,1522678.0
2015-07-16,8.95,9.0,8.78,9.0,9.0,2243183.0
2015-07-17,8.89,9.3,8.7,9.17,9.17,2133916.0
2015-07-20,8.89,8.98,8.7,8.8,8.8,1984228.0
2015-07-21,8.6,8.89,8.44,8.89,8.89,1591294.0
2015-07-22,8.88,8.88,8.42,8.45,8.45,976459.0
2015-07-23,8.4,8.54,8.31,8.5,8.5,1211780.0
2015-07-24,8.4,8.4,7.8,7.92,7.92,2215772.0
2015-07-27,7.8,8.2,7.7,7.94,7.94,940081.0
2015-07-28,8.15,8.29,8.03,8.1,8.1,1116856.0
2015-07-29,8.15,8.42,8.1,8.27,8.27,844825.0
2015-07-30,8.32,8.32,8.1,8.27,8.27,431885.0
2015-07-31,8.27,8.27,8.09,8.2,8.2,230858.0
2015-08-03,8.2,8.2,8.0,8.05,8.05,246056.0
2015-08-04,8.1,8.15,7.88,8.01,8.01,629155.0
2015-08-05,8.01,8.15,7.91,8.11,8.11,728562.0
2015-08-06,8.2,8.7,8.03,8.51,8.51,1223646.0
2015-08-07,8.5,8.6,8.24,8.54,8.54,1757665.0
2015-08-10,8.7,9.1,8.6,9.04,9.04,2478777.0
2015-08-11,8.89,8.89,8.6,8.8,8.8,1114529.0
2015-08-12,8.68,8.99,8.53,8.99,8.99,1586704.0
2015-08-13,8.99,9.1,8.85,9.1,9.1,1198778.0
2015-08-14,9.14,9.15,9.01,9.13,9.13,861090.0
2015-08-18,9.13,9.14,8.9,8.9,8.9,752571.0
2015-08-19,8.9,8.9,8.6,8.85,8.85,1216159.0
2015-08-20,8.8,8.89,8.65,8.75,8.75,900417.0
2015-08-21,8.64,8.64,8.14,8.43,8.43,2495667.0
2015-08-24,8.0,8.32,7.9,8.0,8.0,1852877.0
2015-08-25,8.35,8.35,7.96,8.0,8.0,975798.0
2015-08-26,8.0,8.42,8.0,8.42,8.42,714833.0
2015-08-27,8.7,8.89,8.6,8.89,8.89,1364102.0
2015-08-28,8.89,8.99,8.75,8.9,8.9,1250039.0
2015-08-31,8.88,9.0,8.71,8.9,8.9,853166.0
2015-09-01,8.7,8.94,8.7,8.82,8.82,503540.0
2015-09-02,8.8,8.9,8.8,8.88,8.88,458938.0
2015-09-03,8.8,9.19,8.8,9.18,9.18,1164689.0
2015-09-04,9.1,9.23,9.0,9.23,9.23,845027.0
2015-09-07,9.2,9.27,9.19,9.24,9.24,299722.0
2015-09-08,9.27,9.48,9.27,9.44,9.44,963778.0
2015-09-09,9.44,9.6,9.44,9.6,9.6,1403037.0
2015-09-10,9.62,9.69,9.48,9.5,9.5,1151404.0
2015-09-11,9.55,9.55,9.26,9.4,9.4,403962.0
2015-09-14,9.29,9.35,9.1,9.19,9.19,578610.0
2015-09-15,9.23,9.35,9.2,9.28,9.28,847631.0
2015-09-16,9.5,9.6,8.9,9.0,9.0,567713.0
2015-09-17,9.06,9.57,9.06,9.52,9.52,990493.0
2015-09-18,9.47,9.67,9.4,9.41,9.41,785274.0
2015-09-21,9.41,9.48,9.21,9.24,9.24,696028.0
2015-09-22,9.3,9.3,8.5,8.8,8.8,1877349.0
2015-09-23,9.0,9.0,8.5,9.0,9.0,2511278.0
2015-09-24,8.95,9.0,8.11,9.0,9.0,2453907.0
2015-09-25,9.0,9.35,8.8,9.11,9.11,2198990.0
2015-09-28,9.09,9.09,8.51,8.55,8.55,1524201.0
2015-09-29,8.61,8.74,8.4,8.5,8.5,1572980.0
2015-09-30,8.65,8.7,8.4,8.4,8.4,1030741.0
2015-10-01,8.5,8.5,8.05,8.1,8.1,1868542.0
2015-10-02,8.24,8.5,8.18,8.5,8.5,1407878.0
2015-10-05,8.7,8.85,8.55,8.75,8.75,1289516.0
2015-10-06,8.75,8.85,8.56,8.63,8.63,1786863.0
2015-10-07,8.75,8.8,8.43,8.5,8.5,2236524.0
2015-10-08,8.68,8.85,8.5,8.69,8.69,713996.0
2015-10-09,8.85,8.85,8.7,8.8,8.8,754666.0
2015-10-13,8.8,9.36,8.8,9.13,9.13,2268497.0
2015-10-14,9.1,9.4,9.1,9.3,9.3,945860.0
2015-10-15,9.27,9.4,9.25,9.37,9.37,953775.0
2015-10-16,9.13,9.85,9.13,9.75,9.75,1412826.0
2015-10-19,9.75,10.0,9.65,9.97,9.97,1059212.0
2015-10-20,9.99,10.1,9.88,9.91,9.91,975079.0
2015-10-21,9.99,9.99,9.7,9.76,9.76,1696515.0
2015-10-22,9.8,9.99,9.8,9.91,9.91,841214.0
2015-10-23,10.0,10.7,10.0,10.7,10.7,2131219.0
2015-10-26,11.95,12.5,11.45,12.1,12.1,5438043.0
2015-10-27,12.3,12.4,11.5,12.35,12.35,2945003.0
2015-10-28,12.3,13.3,12.1,12.7,12.7,3549833.0
2015-10-29,12.9,13.95,12.9,12.95,12.95,2689529.0
2015-10-30,12.95,13.55,12.75,13.2,13.2,1927428.0
2015-11-02,13.55,13.65,13.0,13.3,13.3,1738753.0
2015-11-03,13.3,13.3,12.5,12.8,12.8,2173064.0
2015-11-04,12.9,13.2,12.8,13.0,13.0,842747.0
2015-11-05,13.0,13.2,12.8,13.1,13.1,776292.0
2015-11-09,13.1,13.35,12.9,13.0,13.0,1130790.0
2015-11-10,13.15,13.5,12.8,13.5,13.5,1313332.0
2015-11-11,13.7,14.2,13.5,14.05,14.05,1376724.0
2015-11-12,14.3,15.1,14.0,14.5,14.5,2390522.0
2015-11-13,14.5,15.1,14.5,14.7,14.7,1794254.0
2015-11-16,14.9,15.1,14.5,14.6,14.6,1087240.0
2015-11-17,14.65,15.05,14.1,14.65,14.65,2648390.0
2015-11-18,14.65,15.0,14.3,14.65,14.65,1802844.0
2015-11-19,14.6,15.0,13.9,14.65,14.65,2069291.0
2015-11-20,14.95,15.6,14.5,15.4,15.4,3480415.0
2015-11-24,16.5,16.5,12.3,13.0,13.0,7815912.0
2015-11-25,13.4,13.4,12.2,12.3,12.3,1663622.0
2015-11-26,12.15,12.6,12.15,12.2,12.2,1266462.0
2015-11-27,12.2,12.2,12.2,12.2,12.2,0.0
2015-11-30,13.0,13.0,12.4,12.8,12.8,1351829.0
2015-12-01,12.9,13.3,12.65,12.7,12.7,687141.0
2015-12-02,12.85,12.85,12.2,12.3,12.3,1098636.0
2015-12-03,12.25,12.65,11.8,12.05,12.05,753161.0
2015-12-04,12.05,12.5,12.05,12.5,12.5,877636.0
2015-12-09,12.5,13.6,12.5,13.4,13.4,1593403.0
2015-12-10,13.65,13.95,13.2,13.65,13.65,1128494.0
2015-12-11,13.5,13.9,12.55,12.65,12.65,1368842.0
2015-12-14,12.65,13.0,11.85,12.0,12.0,1191981.0
2015-12-15,12.1,12.3,11.8,12.0,12.0,622988.0
2015-12-16,11.95,12.3,11.55,11.75,11.75,680639.0
2015-12-17,12.1,12.45,11.9,12.4,12.4,832767.0
2015-12-18,12.4,12.7,11.4,11.75,11.75,2376201.0
2015-12-21,11.75,12.15,11.1,11.2,11.2,1365338.0
2015-12-22,11.0,11.8,11.0,11.5,11.5,635390.0
2015-12-23,11.55,12.4,11.5,12.3,12.3,1272304.0
2015-12-28,12.3,12.4,11.8,11.85,11.85,725698.0
2015-12-29,12.0,12.2,11.65,11.7,11.7,397299.0
2015-12-30,11.95,11.95,11.45,11.6,11.6,827361.0
2016-01-04,11.6,11.6,10.85,11.05,11.05,1111765.0
2016-01-05,11.0,11.15,10.8,11.0,11.0,1283511.0
2016-01-06,11.05,11.3,10.6,11.25,11.25,636166.0
2016-01-07,10.9,11.25,10.7,11.15,11.15,577331.0
2016-01-08,11.2,11.65,11.2,11.6,11.6,925808.0
2016-01-11,11.7,11.85,11.15,11.15,11.15,1029469.0
2016-01-12,11.35,11.5,10.8,11.0,11.0,645139.0
2016-01-13,10.9,11.35,10.8,10.95,10.95,1075369.0
2016-01-14,10.95,11.4,10.75,11.4,11.4,481625.0
2016-01-15,11.0,11.2,10.65,10.65,10.65,724025.0
2016-01-18,10.65,10.7,10.0,10.15,10.15,655967.0
2016-01-19,10.35,10.7,10.35,10.45,10.45,604943.0
2016-01-20,10.25,10.25,9.65,9.85,9.85,1159515.0
2016-01-21,9.95,10.4,9.95,10.4,10.4,700935.0
2016-01-22,10.75,11.6,10.7,11.45,11.45,1300036.0
2016-01-25,11.5,12.05,11.25,11.95,11.95,839290.0
2016-01-26,11.95,12.3,11.8,11.8,11.8,1380358.0
2016-01-27,11.9,12.55,11.7,12.3,12.3,1634547.0
2016-01-28,12.6,12.8,12.25,12.55,12.55,1717678.0
2016-01-29,12.85,12.85,12.4,12.75,12.75,1238042.0
2016-02-01,12.85,12.85,12.25,12.45,12.45,703689.0
2016-02-02,12.45,13.05,11.9,12.95,12.95,1391136.0
2016-02-03,13.0,13.15,12.7,12.75,12.75,634635.0
2016-02-04,12.85,13.15,12.85,12.9,12.9,559809.0
2016-02-05,13.05,13.15,12.8,13.1,13.1,519129.0
2016-02-10,13.1,13.35,12.5,13.35,13.35,877490.0
2016-02-11,13.0,13.2,12.6,12.85,12.85,1087845.0
2016-02-12,13.0,13.25,12.6,12.75,12.75,604113.0
2016-02-15,12.9,13.0,12.7,12.75,12.75,257978.0
2016-02-16,12.5,13.05,12.5,13.0,13.0,600390.0
2016-02-17,13.0,13.35,12.85,13.25,13.25,1028110.0
2016-02-18,13.25,13.4,12.95,13.15,13.15,893691.0
2016-02-19,12.95,13.0,12.8,12.95,12.95,643289.0
2016-02-22,12.95,13.9,12.95,13.85,13.85,1181235.0
2016-02-23,13.95,14.1,13.55,13.95,13.95,988750.0
2016-02-24,13.9,14.3,13.5,14.0,14.0,1919291.0
2016-02-25,14.0,14.6,14.0,14.45,14.45,1951575.0
2016-02-26,14.6,14.85,14.1,14.25,14.25,1911695.0
2016-02-29,14.3,14.95,14.25,14.25,14.25,818643.0
2016-03-01,14.35,14.7,13.65,13.95,13.95,1724395.0
2016-03-02,14.0,14.3,13.0,13.35,13.35,3442316.0
2016-03-03,13.4,13.45,12.45,12.95,12.95,3036830.0
2016-03-04,13.0,13.1,12.35,12.7,12.7,1812828.0
2016-03-07,12.45,12.6,12.3,12.35,12.35,1512267.0
2016-03-08,12.35,12.65,12.2,12.4,12.4,1855419.0
2016-03-09,12.6,12.65,12.3,12.4,12.4,883942.0
2016-03-10,12.85,13.1,12.25,12.35,12.35,2725159.0
2016-03-11,12.4,12.5,11.9,11.9,11.9,1465463.0
2016-03-14,11.85,12.05,11.7,11.8,11.8,1582127.0
2016-03-15,11.8,11.95,11.5,11.5,11.5,1268143.0
2016-03-16,11.9,12.4,11.6,12.3,12.3,1255082.0
2016-03-17,12.45,12.45,11.9,12.2,12.2,2440215.0
2016-03-18,12.2,12.25,11.75,11.8,11.8,1198316.0
2016-03-21,11.8,11.8,11.5,11.7,11.7,786599.0
2016-03-22,11.8,12.0,11.4,11.95,11.95,956120.0
2016-03-23,11.8,11.95,11.65,11.7,11.7,972040.0
2016-03-28,11.7,12.25,11.7,12.1,12.1,1034906.0
2016-03-29,12.1,12.25,12.05,12.15,12.15,813264.0
2016-03-30,12.15,12.25,11.9,12.15,12.15,648431.0
2016-03-31,12.25,12.7,12.15,12.6,12.6,1436447.0
2016-04-01,12.55,12.7,12.4,12.65,12.65,680376.0
2016-04-04,12.6,12.65,12.4,12.45,12.45,778071.0
2016-04-05,12.4,12.4,12.0,12.25,12.25,978525.0
2016-04-06,12.15,12.15,11.7,11.85,11.85,1199374.0
2016-04-07,11.7,11.85,11.2,11.3,11.3,1421497.0
2016-04-08,11.4,11.8,11.3,11.55,11.55,625994.0
2016-04-11,11.8,11.8,11.45,11.5,11.5,555255.0
2016-04-12,11.55,11.75,11.5,11.7,11.7,816626.0
2016-04-13,11.85,12.75,11.8,12.7,12.7,1344034.0
2016-04-14,12.75,13.1,12.75,12.9,12.9,1528251.0
2016-04-15,12.9,13.0,12.6,12.75,12.75,507314.0
2016-04-18,12.7,12.7,12.35,12.6,12.6,772345.0
2016-04-19,12.7,12.85,12.4,12.8,12.8,1892176.0
2016-04-20,12.85,13.1,12.7,12.75,12.75,1264596.0
2016-04-21,12.75,12.95,12.55,12.75,12.75,396498.0
2016-04-22,12.65,12.9,12.35,12.4,12.4,996479.0
2016-04-25,12.4,12.4,11.85,11.9,11.9,845188.0
2016-04-26,11.9,12.15,11.8,12.1,12.1,703598.0
2016-04-27,12.1,12.2,11.75,11.9,11.9,730109.0
2016-04-28,11.85,11.9,11.6,11.85,11.85,925844.0
2016-04-29,11.75,11.75,11.6,11.75,11.75,846833.0
2016-05-02,11.75,11.95,11.55,11.65,11.65,664155.0
2016-05-03,11.5,11.5,11.3,11.45,11.45,810156.0
2016-05-04,11.6,12.0,11.45,11.85,11.85,2003723.0
2016-05-05,12.1,12.4,12.1,12.4,12.4,1223357.0
2016-05-06,12.4,12.9,12.4,12.8,12.8,1260613.0
2016-05-09,12.75,12.75,12.4,12.6,12.6,699310.0
2016-05-10,12.6,12.85,12.55,12.75,12.75,765562.0
2016-05-11,12.75,12.85,12.6,12.75,12.75,592059.0
2016-05-12,12.5,12.8,12.5,12.7,12.7,1120630.0
2016-05-13,13.0,13.1,12.8,12.85,12.85,926965.0
2016-05-16,12.95,13.05,12.7,12.8,12.8,528369.0
2016-05-17,12.8,12.9,12.5,12.65,12.65,511682.0
2016-05-18,12.65,12.65,12.35,12.35,12.35,642503.0
2016-05-19,12.1,12.15,11.75,11.95,11.95,1115906.0
2016-05-20,12.1,12.2,11.9,12.0,12.0,539143.0
2016-05-23,12.0,12.1,11.75,11.75,11.75,1077737.0
2016-05-24,11.8,12.0,11.65,11.9,11.9,1947915.0
2016-05-26,11.9,12.8,11.9,12.75,12.75,822720.0
2016-05-27,12.75,13.15,12.7,12.95,12.95,947585.0
2016-05-30,12.95,13.1,12.8,12.8,12.8,547188.0
2016-05-31,12.8,13.15,12.8,13.1,13.1,1460071.0
2016-06-01,13.0,13.1,12.85,13.05,13.05,2621734.0
2016-06-02,13.05,13.05,12.8,12.95,12.95,3251566.0
2016-06-03,13.1,13.35,13.0,13.2,13.2,1863654.0
2016-06-06,13.25,13.5,13.25,13.5,13.5,625828.0
2016-06-07,13.5,14.2,13.5,14.15,14.15,1886676.0
2016-06-08,14.15,14.5,14.15,14.45,14.45,1286589.0
2016-06-09,14.45,14.5,14.25,14.45,14.45,1605852.0
2016-06-10,14.3,14.3,13.9,14.25,14.25,1610490.0
2016-06-13,14.25,14.5,14.1,14.5,14.5,615573.0
2016-06-14,14.45,14.45,14.15,14.35,14.35,666683.0
2016-06-15,14.2,14.5,14.2,14.45,14.45,900923.0
2016-06-16,14.5,14.8,14.45,14.65,14.65,2858503.0
2016-06-17,,,,,,
2016-06-21,14.65,14.95,14.65,14.95,14.95,1662705.0
2016-06-22,14.95,15.35,14.95,15.0,15.0,2076483.0
2016-06-23,15.25,15.55,15.1,15.5,15.5,1818619.0
2016-06-24,14.45,15.6,14.4,15.6,15.6,4636215.0
2016-06-27,15.5,15.95,15.5,15.8,15.8,3791469.0
2016-06-28,16.0,16.15,15.75,16.1,16.1,1054013.0
2016-06-29,16.200001,16.5,16.200001,16.299999,16.299999,1322160.0
2016-06-30,16.4,16.700001,16.25,16.35,16.35,1404170.0
2016-07-01,16.549999,17.15,16.5,16.9,16.9,1627202.0
2016-07-04,16.4,17.200001,16.4,17.0,17.0,618229.0
2016-07-05,17.0,17.200001,16.700001,17.200001,17.200001,733218.0
2016-07-06,17.0,17.15,16.85,17.0,17.0,781565.0
2016-07-07,17.15,17.25,16.5,16.5,16.5,951939.0
2016-07-11,16.5,17.15,16.0,16.700001,16.700001,3651049.0
2016-07-12,16.799999,16.950001,16.0,16.200001,16.200001,1493924.0
2016-07-13,16.0,16.299999,15.8,16.299999,16.299999,1417795.0
2016-07-14,16.15,16.700001,16.1,16.65,16.65,1218595.0
2016-07-15,16.700001,17.0,16.65,17.0,17.0,1425673.0
2016-07-18,16.799999,17.25,16.700001,17.25,17.25,1057796.0
2016-07-19,17.200001,17.200001,16.4,16.6,16.6,1694335.0
2016-07-20,16.6,16.6,16.15,16.35,16.35,1130247.0
2016-07-21,16.299999,16.5,16.1,16.25,16.25,1361932.0
2016-07-22,16.299999,16.6,16.25,16.6,16.6,624132.0
2016-07-25,16.700001,16.700001,16.200001,16.25,16.25,488199.0
2016-07-26,16.25,16.35,15.9,16.049999,16.049999,766104.0
2016-07-27,16.1,16.299999,15.75,16.299999,16.299999,1176785.0
2016-07-28,16.4,16.5,16.200001,16.200001,16.200001,958837.0
2016-07-29,16.4,16.65,16.35,16.549999,16.549999,1170596.0
2016-08-01,16.5,16.65,16.4,16.549999,16.549999,796827.0
2016-08-02,16.65,16.700001,16.25,16.450001,16.450001,1631684.0
2016-08-03,16.450001,16.6,16.299999,16.4,16.4,257216.0
2016-08-04,16.4,16.65,16.1,16.5,16.5,1045795.0
2016-08-05,16.5,16.6,16.299999,16.450001,16.450001,418964.0
2016-08-08,16.450001,16.450001,16.049999,16.15,16.15,836056.0
2016-08-09,16.35,16.5,16.299999,16.4,16.4,917052.0
2016-08-10,16.4,16.6,16.25,16.549999,16.549999,724970.0
2016-08-11,16.200001,16.6,16.200001,16.4,16.4,942775.0
2016-08-12,16.450001,16.450001,15.8,15.9,15.9,1625840.0
2016-08-16,15.9,16.4,14.9,15.2,15.2,1155484.0
2016-08-17,15.25,15.7,15.25,15.55,15.55,933956.0
2016-08-18,15.7,16.15,14.8,15.15,15.15,4538139.0
2016-08-19,14.95,15.35,14.7,15.0,15.0,2553486.0
2016-08-22,15.1,15.3,15.05,15.25,15.25,603362.0
2016-08-23,15.4,15.65,15.3,15.5,15.5,859188.0
2016-08-24,15.8,16.0,15.55,15.75,15.75,1042567.0
2016-08-25,15.9,15.9,15.7,15.7,15.7,883046.0
2016-08-26,15.8,15.8,15.4,15.45,15.45,882695.0
2016-08-29,15.45,15.6,15.4,15.5,15.5,577253.0
2016-08-30,15.65,15.7,15.15,15.2,15.2,397472.0
2016-08-31,15.35,15.45,14.95,15.1,15.1,592032.0
2016-09-01,15.1,15.6,14.95,15.35,15.35,1182073.0
2016-09-02,15.65,15.75,15.3,15.5,15.5,899726.0
2016-09-05,15.7,15.85,15.4,15.4,15.4,343419.0
2016-09-06,15.8,16.5,15.55,16.450001,16.450001,1495402.0
2016-09-07,16.65,16.85,16.4,16.700001,16.700001,1013929.0
2016-09-08,16.85,16.950001,16.6,16.85,16.85,779507.0
2016-09-09,16.799999,16.799999,16.4,16.549999,16.549999,743820.0
2016-09-12,16.299999,16.65,16.200001,16.65,16.65,654660.0
2016-09-13,16.65,16.799999,16.4,16.5,16.5,742650.0
2016-09-14,16.700001,17.1,16.65,16.950001,16.950001,653939.0
2016-09-15,17.0,17.9,16.950001,17.9,17.9,1317765.0
2016-09-16,17.6,18.200001,17.5,18.15,18.15,1445885.0
2016-09-19,18.5,19.1,18.450001,18.549999,18.549999,1677403.0
2016-09-20,18.75,18.75,18.299999,18.6,18.6,1097663.0
2016-09-21,18.6,18.85,18.299999,18.85,18.85,1884013.0
2016-09-22,19.1,19.700001,19.0,19.700001,19.700001,1700273.0
2016-09-23,19.5,19.549999,19.15,19.450001,19.450001,922715.0
2016-09-26,19.4,19.4,18.9,19.049999,19.049999,1144047.0
2016-09-27,19.049999,19.1,18.5,18.6,18.6,961765.0
2016-09-28,18.75,19.200001,18.6,18.9,18.9,1211054.0
2016-09-29,19.0,19.75,19.0,19.65,19.65,1461260.0
2016-09-30,19.75,19.75,19.25,19.299999,19.299999,928177.0
2016-10-03,19.25,19.700001,19.25,19.6,19.6,925764.0
2016-10-04,19.65,19.700001,19.1,19.25,19.25,1042563.0
2016-10-05,19.5,19.700001,19.200001,19.4,19.4,827855.0
2016-10-06,19.4,19.65,19.1,19.200001,19.200001,820010.0
2016-10-07,19.25,19.700001,19.15,19.25,19.25,765905.0
2016-10-11,19.25,19.799999,19.25,19.799999,19.799999,969960.0
2016-10-12,19.85,19.85,19.549999,19.6,19.6,614918.0
2016-10-13,19.65,19.65,19.4,19.5,19.5,702640.0
2016-10-14,19.6,19.799999,19.549999,19.6,19.6,846678.0
2016-10-17,19.6,20.0,19.6,20.0,20.0,1614233.0
2016-10-18,20.0,20.15,19.9,20.0,20.0,886893.0
2016-10-19,20.4,21.1,20.35,20.799999,20.799999,8544680.0
2016-10-20,21.0,21.0,20.549999,20.85,20.85,2218311.0
2016-10-21,20.700001,21.1,20.6,21.1,21.1,2043537.0
2016-10-24,21.700001,21.700001,20.799999,21.0,21.0,1407277.0
2016-10-25,21.1,21.299999,20.799999,20.9,20.9,1575239.0
2016-10-26,20.9,20.9,20.35,20.4,20.4,1544242.0
2016-10-27,20.4,20.700001,20.299999,20.450001,20.450001,1063434.0
2016-10-28,20.5,20.75,20.25,20.75,20.75,2394660.0
2016-10-31,20.9,20.9,20.35,20.549999,20.549999,2075477.0
2016-11-01,20.700001,20.700001,20.0,20.4,20.4,2536059.0
2016-11-02,20.15,20.200001,19.799999,20.15,20.15,2333987.0
2016-11-03,20.299999,20.450001,20.0,20.1,20.1,1283117.0
2016-11-04,20.15,20.200001,19.950001,20.200001,20.200001,1733704.0
2016-11-07,20.799999,20.799999,20.35,20.700001,20.700001,1976267.0
2016-11-08,20.799999,20.799999,20.5,20.549999,20.549999,3264143.0
2016-11-09,19.65,20.85,19.65,20.65,20.65,4835813.0
2016-11-10,21.0,21.1,19.75,20.049999,20.049999,5958100.0
2016-11-11,19.85,19.85,19.25,19.65,19.65,8177959.0
2016-11-14,19.65,20.0,19.0,19.9,19.9,5231201.0
2016-11-15,20.299999,20.799999,20.0,20.75,20.75,1619478.0
2016-11-16,21.0,21.0,20.5,20.950001,20.950001,616324.0
2016-11-17,21.0,21.4,20.799999,21.0,21.0,846602.0
2016-11-18,21.0,21.1,20.65,20.700001,20.700001,880726.0
2016-11-21,20.65,21.6,20.6,21.5,21.5,1841987.0
2016-11-22,21.5,23.0,21.5,23.0,23.0,2329957.0
2016-11-23,23.0,23.200001,22.6,22.65,22.65,2374143.0
2016-11-24,22.799999,23.0,22.1,22.200001,22.200001,563165.0
2016-11-25,22.200001,22.65,22.0,22.1,22.1,1839904.0
2016-11-29,22.1,22.5,21.6,21.799999,21.799999,2793704.0
2016-11-30,22.1,22.5,21.85,22.25,22.25,1997861.0
2016-12-01,22.5,22.65,21.75,22.0,22.0,687114.0
2016-12-02,22.0,22.450001,21.700001,22.200001,22.200001,1624160.0
2016-12-05,22.25,22.4,21.9,22.25,22.25,916745.0
2016-12-06,22.25,22.9,21.9,22.799999,22.799999,742805.0
2016-12-07,23.0,23.0,22.4,22.799999,22.799999,538086.0
2016-12-12,22.799999,22.799999,22.0,22.25,22.25,1741558.0
2016-12-13,22.5,22.799999,22.25,22.700001,22.700001,1194856.0
2016-12-14,22.700001,22.799999,22.0,22.049999,22.049999,898279.0
2016-12-15,22.0,22.35,21.700001,22.200001,22.200001,1136813.0
2016-12-16,22.0,22.25,22.0,22.049999,22.049999,689695.0
2016-12-19,22.25,22.299999,21.5,21.549999,21.549999,998809.0
2016-12-20,21.5,21.6,20.549999,21.1,21.1,1258226.0
2016-12-21,21.1,21.75,20.5,21.65,21.65,797046.0
2016-12-22,21.700001,22.0,21.1,21.35,21.35,703222.0
2016-12-23,21.35,21.35,20.0,20.950001,20.950001,1154355.0
2016-12-26,20.950001,21.0,19.85,20.299999,20.299999,752899.0
2016-12-27,20.200001,20.9,19.700001,20.6,20.6,991027.0
2016-12-28,20.9,21.15,20.5,20.75,20.75,513653.0
2016-12-29,20.75,22.1,20.75,22.0,22.0,1201440.0
2016-12-30,22.0,22.0,22.0,22.0,22.0,0.0
2017-01-02,22.15,23.4,22.15,23.200001,23.200001,836122.0
2017-01-03,23.35,23.799999,23.0,23.15,23.15,1827728.0
2017-01-04,23.200001,23.75,23.200001,23.35,23.35,1006260.0
2017-01-05,23.549999,23.799999,22.799999,23.0,23.0,4986129.0
2017-01-06,23.200001,23.6,23.0,23.5,23.5,979443.0
2017-01-09,24.0,24.0,23.65,23.700001,23.700001,1452959.0
2017-01-10,24.450001,24.950001,24.0,24.85,24.85,1530142.0
2017-01-11,25.049999,25.450001,25.0,25.299999,25.299999,2299229.0
2017-01-12,25.799999,25.950001,25.0,25.1,25.1,694727.0
2017-01-13,25.15,26.0,25.15,26.0,26.0,943670.0
2017-01-16,26.0,26.4,25.85,26.35,26.35,786527.0
2017-01-17,26.5,26.9,26.049999,26.700001,26.700001,1565572.0
2017-01-18,27.200001,27.75,26.85,27.35,27.35,2157606.0
2017-01-19,27.4,27.700001,26.75,27.0,27.0,2343045.0
2017-01-20,26.549999,27.75,26.5,27.700001,27.700001,1194918.0
2017-01-23,27.700001,28.799999,27.700001,28.799999,28.799999,1448062.0
2017-01-24,28.799999,29.6,28.35,28.549999,28.549999,1839542.0
2017-01-25,28.5,28.799999,27.799999,28.4,28.4,832653.0
2017-01-26,28.85,29.0,28.5,28.85,28.85,1760421.0
2017-01-27,28.799999,28.9,28.4,28.85,28.85,716134.0
2017-01-30,28.799999,29.0,28.5,28.9,28.9,2689234.0
2017-01-31,28.950001,29.5,28.85,29.5,29.5,1380621.0
2017-02-01,29.6,30.25,29.6,30.25,30.25,1743179.0
2017-02-02,30.299999,31.0,30.0,30.950001,30.950001,2014026.0
2017-02-03,31.0,31.5,29.15,29.450001,29.450001,2059033.0
2017-02-06,29.450001,30.299999,29.450001,29.950001,29.950001,2236082.0
2017-02-07,30.450001,30.450001,29.950001,30.1,30.1,1148888.0
2017-02-08,29.799999,30.0,28.700001,28.85,28.85,1647358.0
2017-02-09,28.85,29.15,28.65,28.700001,28.700001,1201004.0
2017-02-10,28.6,29.5,28.6,29.15,29.15,645815.0
2017-02-13,29.5,29.950001,28.75,28.799999,28.799999,1075962.0
2017-02-14,29.1,29.200001,28.799999,29.200001,29.200001,578317.0
2017-02-15,29.299999,29.35,28.75,29.299999,29.299999,621490.0
2017-02-16,29.6,29.6,28.5,29.0,29.0,854528.0
2017-02-17,29.200001,29.9,28.85,29.4,29.4,1845243.0
2017-02-20,29.65,30.6,29.4,30.5,30.5,940318.0
2017-02-21,30.799999,30.799999,30.1,30.450001,30.450001,1168070.0
2017-02-22,30.450001,30.5,29.85,29.950001,29.950001,1011377.0
2017-02-23,30.200001,30.299999,28.6,28.9,28.9,1112441.0
2017-02-24,29.0,29.299999,27.700001,28.5,28.5,897460.0
2017-03-01,28.5,29.200001,28.5,29.1,29.1,647428.0
2017-03-02,29.299999,29.6,28.5,28.5,28.5,588688.0
2017-03-03,28.25,29.200001,28.25,29.1,29.1,551323.0
2017-03-06,29.1,29.450001,28.799999,29.200001,29.200001,488716.0
2017-03-07,29.200001,29.9,29.1,29.200001,29.200001,615838.0
2017-03-08,29.15,29.450001,29.1,29.450001,29.450001,749907.0
2017-03-09,29.450001,29.5,28.700001,28.75,28.75,735804.0
2017-03-10,28.75,29.15,28.299999,28.75,28.75,581674.0
2017-03-13,28.799999,29.1,28.700001,29.1,29.1,575014.0
2017-03-14,29.049999,29.4,28.9,29.4,29.4,717092.0
2017-03-15,29.5,29.799999,28.9,29.799999,29.799999,803529.0
2017-03-16,30.0,30.6,30.0,30.549999,30.549999,856763.0
2017-03-17,30.75,30.75,30.25,30.4,30.4,689679.0
2017-03-20,30.65,31.5,30.5,31.5,31.5,853395.0
2017-03-21,32.0,32.0,30.6,30.9,30.9,895245.0
2017-03-22,31.0,31.200001,30.700001,31.049999,31.049999,630071.0
2017-03-23,31.049999,31.299999,30.65,31.299999,31.299999,305335.0
2017-03-27,31.299999,32.650002,31.299999,32.200001,32.200001,1348887.0
2017-03-28,32.200001,33.150002,32.200001,33.049999,33.049999,1009649.0
2017-03-29,33.049999,34.0,33.049999,33.700001,33.700001,1315309.0
2017-03-30,33.700001,34.0,33.049999,34.0,34.0,892601.0
2017-03-31,34.0,34.0,33.5,33.700001,33.700001,1275239.0
2017-04-03,33.75,33.75,32.849998,33.0,33.0,1016731.0
2017-04-04,33.0,33.950001,33.0,33.700001,33.700001,1038779.0
2017-04-05,33.599998,34.25,33.200001,33.700001,33.700001,994835.0
2017-04-06,33.799999,34.950001,33.799999,34.849998,34.849998,1097431.0
2017-04-07,34.900002,35.0,34.349998,34.549999,34.549999,1043158.0
2017-04-10,34.799999,36.0,34.599998,36.0,36.0,1337508.0
2017-04-11,36.400002,36.900002,35.799999,36.0,36.0,1280744.0
2017-04-12,35.900002,35.900002,35.0,35.75,35.75,968302.0
2017-04-17,35.75,36.349998,35.700001,35.700001,35.700001,667310.0
2017-04-18,35.75,36.5,35.0,35.650002,35.650002,706879.0
2017-04-19,35.450001,35.450001,34.799999,35.150002,35.150002,781383.0
2017-04-20,35.400002,36.0,34.900002,35.75,35.75,839599.0
2017-04-21,35.799999,36.150002,35.5,36.099998,36.099998,1358904.0
2017-04-24,36.200001,36.5,36.0,36.450001,36.450001,945987.0
2017-04-25,36.900002,36.900002,35.400002,36.0,36.0,696637.0
2017-04-26,35.75,35.75,34.900002,35.049999,35.049999,845599.0
2017-04-27,34.700001,34.700001,33.400002,34.150002,34.150002,2528421.0
2017-04-28,34.25,34.25,33.75,34.0,34.0,1041038.0
2017-05-02,34.0,35.25,33.700001,35.200001,35.200001,1405839.0
2017-05-03,35.200001,35.700001,35.0,35.599998,35.599998,1048359.0
2017-05-04,35.849998,35.849998,35.5,35.549999,35.549999,793681.0
2017-05-05,35.950001,35.950001,35.299999,35.599998,35.599998,633996.0
2017-05-08,35.049999,36.0,35.0,35.799999,35.799999,854025.0
2017-05-09,35.799999,36.0,35.599998,35.849998,35.849998,747286.0
2017-05-10,35.950001,36.75,35.950001,36.75,36.75,746283.0
2017-05-11,36.900002,36.900002,36.200001,36.900002,36.900002,931987.0
2017-05-12,38.0,38.0,36.700001,37.099998,37.099998,985958.0
2017-05-15,36.700001,36.900002,36.450001,36.700001,36.700001,647592.0
2017-05-16,36.5,37.549999,36.5,37.400002,37.400002,593131.0
2017-05-17,37.400002,37.400002,37.0,37.099998,37.099998,463091.0
2017-05-18,35.900002,36.900002,35.5,36.5,36.5,1473285.0
2017-05-19,36.349998,38.349998,36.349998,38.200001,38.200001,1622181.0
2017-05-22,38.0,38.5,37.799999,38.5,38.5,934187.0
2017-05-23,38.599998,38.75,38.0,38.299999,38.299999,592161.0
2017-05-24,38.299999,38.799999,38.099998,38.799999,38.799999,426648.0
2017-05-26,38.799999,41.0,38.799999,40.75,40.75,1409597.0
2017-05-29,40.799999,42.099998,40.799999,41.25,41.25,1044926.0
2017-05-30,41.25,41.25,40.400002,40.650002,40.650002,996626.0
2017-05-31,41.849998,41.849998,40.400002,40.650002,40.650002,1017258.0
2017-06-01,41.0,41.950001,40.700001,41.75,41.75,960719.0
2017-06-02,42.0,42.0,41.25,41.299999,41.299999,1179406.0
2017-06-05,41.549999,41.549999,40.799999,40.900002,40.900002,889089.0
2017-06-06,37.400002,40.900002,37.400002,40.400002,40.400002,742915.0
2017-06-07,40.5,40.900002,40.099998,40.150002,40.150002,1005831.0
2017-06-08,40.5,41.0,40.0,40.349998,40.349998,751951.0
2017-06-09,40.799999,40.799999,40.0,40.5,40.5,896428.0
2017-06-12,40.450001,40.450001,39.0,39.450001,39.450001,1360731.0
2017-06-13,39.0,40.0,39.0,39.700001,39.700001,486122.0
2017-06-14,39.700001,40.200001,39.700001,40.0,40.0,606529.0
2017-06-15,39.849998,39.849998,39.400002,39.599998,39.599998,1197029.0
2017-06-16,39.700001,40.599998,39.650002,40.599998,40.599998,796966.0
2017-06-19,41.25,42.299999,41.25,41.900002,41.900002,1116428.0
2017-06-21,41.900002,41.900002,37.900002,38.400002,38.400002,4599472.0
2017-06-22,38.299999,39.150002,38.299999,38.799999,38.799999,1657228.0
2017-06-23,39.0,39.049999,37.700001,38.400002,38.400002,852288.0
2017-06-26,38.75,39.200001,38.200001,38.700001,38.700001,860032.0
2017-06-27,38.799999,39.5,38.150002,38.400002,38.400002,497874.0
2017-06-28,39.0,39.0,38.599998,38.75,38.75,355346.0
2017-06-29,39.5,39.5,38.599998,38.900002,38.900002,665153.0
2017-06-30,39.200001,39.5,39.0,39.400002,39.400002,794969.0
2017-07-03,39.400002,41.25,39.0,40.0,40.0,1165406.0
2017-07-04,40.0,41.0,39.900002,39.900002,39.900002,457840.0
2017-07-05,40.0,40.5,39.299999,40.049999,40.049999,1003726.0
2017-07-06,40.150002,40.849998,39.700001,40.25,40.25,1365655.0
2017-07-07,40.200001,40.700001,39.900002,40.150002,40.150002,505927.0
2017-07-10,40.150002,40.150002,38.5,38.900002,38.900002,987761.0
2017-07-11,39.0,39.0,38.5,38.75,38.75,1220684.0
2017-07-12,38.799999,39.150002,38.0,38.299999,38.299999,458847.0
2017-07-13,38.349998,38.349998,36.599998,37.099998,37.099998,3066717.0
2017-07-14,37.099998,37.549999,36.549999,37.049999,37.049999,1739088.0
2017-07-17,36.799999,36.799999,35.5,35.700001,35.700001,2067357.0
2017-07-18,35.150002,36.099998,35.0,36.0,36.0,3130306.0
2017-07-19,36.299999,36.799999,36.099998,36.700001,36.700001,859188.0
2017-07-20,37.0,37.799999,36.700001,37.700001,37.700001,976506.0
2017-07-21,38.150002,39.150002,38.150002,38.849998,38.849998,1977167.0
2017-07-24,38.849998,39.099998,38.0,38.599998,38.599998,1045530.0
2017-07-25,38.549999,38.549999,37.0,38.150002,38.150002,1054511.0
2017-07-26,38.200001,38.5,37.799999,37.900002,37.900002,704911.0
2017-07-27,37.450001,38.099998,37.450001,38.0,38.0,546092.0
2017-07-28,38.0,39.150002,38.0,39.099998,39.099998,904094.0
2017-07-31,38.950001,39.200001,38.049999,38.5,38.5,643104.0
2017-08-01,38.599998,39.200001,38.599998,38.700001,38.700001,543721.0
2017-08-02,38.900002,39.400002,38.75,39.400002,39.400002,422877.0
2017-08-03,39.25,39.849998,39.25,39.799999,39.799999,564490.0
